satellite,start_time,end_time
CRYO2,2010-04-15 17:47:00,2010-04-15 17:48:00
CRYO2,2010-05-03 17:55:00,2010-05-04 00:35:00
CRYO2,2010-05-04 18:38:00,2010-05-04 18:48:00
CRYO2,2010-05-05 17:44:00,2010-05-05 17:59:00
CRYO2,2010-05-06 18:26:00,2010-05-06 18:51:00
CRYO2,2010-05-18 00:42:00,2010-05-18 04:16:00
CRYO2,2010-05-18 23:51:00,2010-05-19 03:24:00
CRYO2,2010-05-20 00:38:00,2010-05-20 04:11:00
CRYO2,2010-05-20 23:46:00,2010-05-21 00:02:00
CRYO2,2010-05-27 00:27:00,2010-05-27 04:01:00
CRYO2,2010-05-28 01:14:00,2010-05-28 04:51:00
CRYO2,2010-06-15 03:02:00,2010-06-15 03:15:00
CRYO2,2010-06-18 01:14:00,2010-06-18 01:15:00
CRYO2,2010-07-20 12:37:00,2010-07-20 12:37:00
CRYO2,2010-10-02 03:01:00,2010-10-02 07:31:00
CRYO2,2010-10-28 06:33:00,2010-10-28 06:33:00
CRYO2,2010-12-16 03:07:00,2010-12-16 03:09:00
CRYO2,2011-01-21 10:05:00,2011-01-21 10:07:00
CRYO2,2011-03-11 08:19:00,2011-03-11 08:22:00
CRYO2,2011-04-14 09:34:00,2011-04-14 09:38:00
CRYO2,2011-06-01 06:13:00,2011-06-01 06:14:00
CRYO2,2011-07-28 04:25:00,2011-07-28 04:28:00
CRYO2,2011-09-01 11:13:00,2011-09-01 11:16:00
CRYO2,2011-09-29 08:29:00,2011-09-29 08:33:00
CRYO2,2011-10-21 09:21:00,2011-10-21 09:25:00
CRYO2,2011-11-09 12:47:00,2011-11-09 12:53:00
CRYO2,2011-11-29 07:07:00,2011-11-29 07:12:00
CRYO2,2011-12-21 09:39:00,2011-12-21 09:41:00
CRYO2,2012-02-16 06:47:00,2012-02-16 06:49:00
CRYO2,2012-03-15 14:02:00,2012-03-15 14:04:00
CRYO2,2012-03-22 14:37:00,2012-03-22 14:38:00
CRYO2,2012-04-19 11:57:00,2012-04-19 11:59:00
CRYO2,2012-05-15 11:00:00,2012-05-15 11:03:00
CRYO2,2012-06-12 09:59:00,2012-06-12 10:03:00
CRYO2,2012-07-12 08:56:00,2012-07-12 08:57:00
CRYO2,2012-07-26 06:47:00,2012-07-26 06:48:00
CRYO2,2012-08-13 07:16:00,2012-08-13 07:17:00
CRYO2,2012-09-20 08:03:00,2012-09-20 08:06:00
CRYO2,2012-10-18 07:03:00,2012-10-18 07:06:00
CRYO2,2012-11-29 12:09:00,2012-11-29 12:12:00
CRYO2,2013-01-09 21:24:00,2013-01-09 21:28:00
CRYO2,2013-01-31 10:42:00,2013-01-31 10:45:00
CRYO2,2013-03-07 08:37:00,2013-03-07 08:39:00
CRYO2,2013-04-04 12:34:00,2013-04-04 12:37:00
CRYO2,2013-04-23 09:24:00,2013-04-23 09:26:00
CRYO2,2013-05-16 07:45:00,2013-05-16 07:47:00
CRYO2,2013-06-06 06:11:00,2013-06-06 06:13:00
CRYO2,2013-07-19 05:27:00,2013-07-19 05:30:00
CRYO2,2013-08-15 13:34:00,2013-08-15 13:36:00
CRYO2,2013-09-03 21:58:00,2013-09-03 22:01:00
CRYO2,2013-10-10 21:27:00,2013-10-10 21:30:00
CRYO2,2013-10-15 00:42:00,2013-10-15 00:48:00
CRYO2,2013-10-15 03:55:00,2013-10-15 04:00:00
CRYO2,2013-11-01 09:07:00,2013-11-01 09:09:00
CRYO2,2013-11-15 05:17:00,2013-11-15 05:22:00
CRYO2,2013-12-05 09:32:00,2013-12-05 09:35:00
CRYO2,2013-12-18 18:08:00,2013-12-18 18:11:00
CRYO2,2014-01-09 05:24:00,2014-01-09 05:26:00
CRYO2,2014-01-31 06:41:00,2014-01-31 06:42:00
CRYO2,2014-02-19 06:49:00,2014-02-19 06:51:00
CRYO2,2014-03-05 09:28:00,2014-03-05 09:32:00
CRYO2,2014-03-21 05:43:00,2014-03-21 05:47:00
CRYO2,2014-04-03 04:26:00,2014-04-03 04:30:00
CRYO2,2014-04-20 10:12:00,2014-04-20 10:16:00
CRYO2,2014-05-16 08:40:00,2014-05-16 08:44:00
CRYO2,2014-06-18 08:18:00,2014-06-18 08:22:00
CRYO2,2014-07-18 12:12:00,2014-07-18 12:14:00
CRYO2,2014-08-28 08:15:00,2014-08-28 08:17:00
CRYO2,2014-09-24 08:06:00,2014-09-24 08:09:00
CRYO2,2014-10-07 00:54:00,2014-10-07 00:58:00
CRYO2,2014-10-09 05:55:00,2014-10-09 05:57:00
CRYO2,2014-10-30 05:09:00,2014-10-30 05:12:00
CRYO2,2014-11-14 05:26:00,2014-11-14 05:30:00
CRYO2,2014-12-04 13:00:00,2014-12-04 13:03:00
CRYO2,2014-12-19 04:56:00,2014-12-19 05:00:00
CRYO2,2015-01-08 14:11:00,2015-01-08 14:16:00
CRYO2,2015-01-17 05:17:00,2015-01-17 05:21:00
CRYO2,2015-01-20 10:26:00,2015-01-20 10:32:00
CRYO2,2015-02-12 10:26:00,2015-02-12 10:32:00
CRYO2,2015-03-16 22:33:00,2015-03-16 22:36:00
CRYO2,2015-04-07 18:26:00,2015-04-07 18:30:00
CRYO2,2015-04-30 06:52:00,2015-04-30 06:55:00
CRYO2,2015-05-25 06:48:00,2015-05-25 06:51:00
CRYO2,2015-06-30 12:09:00,2015-06-30 12:10:00
CRYO2,2015-07-27 00:00:00,2015-07-27 02:09:00
CRYO2,2015-08-27 01:46:00,2015-08-27 01:49:00
CRYO2,2015-10-01 23:59:00,2015-10-02 00:01:00
CRYO2,2015-11-03 19:10:00,2015-11-03 19:13:00
CRYO2,2015-11-30 19:01:00,2015-11-30 19:04:00
CRYO2,2015-12-22 05:01:00,2015-12-22 05:02:00
CRYO2,2016-01-15 07:29:00,2016-01-15 07:30:00
CRYO2,2016-02-19 05:23:00,2016-02-19 05:25:00
CRYO2,2016-03-22 04:12:00,2016-03-22 04:15:00
CRYO2,2016-04-05 22:54:00,2016-04-06 08:44:00
CRYO2,2016-05-10 11:34:00,2016-05-10 11:36:00
CRYO2,2016-06-23 23:11:00,2016-06-23 23:13:00
CRYO2,2016-07-28 08:00:00,2016-07-28 08:00:00
CRYO2,2016-10-20 04:52:00,2016-10-20 04:54:00
CRYO2,2016-12-16 05:17:00,2016-12-16 05:19:00
CRYO2,2017-02-07 14:07:00,2017-02-07 14:09:00
CRYO2,2017-03-16 05:21:00,2017-03-16 05:22:00
CRYO2,2017-05-31 12:45:00,2017-05-31 12:46:00
CRYO2,2017-07-06 04:39:00,2017-07-06 04:40:00
CRYO2,2017-08-23 07:52:00,2017-08-23 07:54:00
CRYO2,2017-10-05 12:07:00,2017-10-05 12:10:00
CRYO2,2017-11-30 13:00:00,2017-11-30 13:02:00
CRYO2,2017-12-20 11:02:00,2017-12-20 11:03:00
CRYO2,2018-03-16 06:03:00,2018-03-16 06:05:00
CRYO2,2018-03-23 08:13:00,2018-03-23 08:19:00
CRYO2,2018-03-23 15:47:00,2018-03-23 15:52:00
CRYO2,2018-04-26 03:57:00,2018-04-26 03:59:00
CRYO2,2018-07-03 13:06:00,2018-07-03 13:08:00
CRYO2,2018-07-09 03:32:00,2018-07-09 03:38:00
CRYO2,2018-07-12 05:52:00,2018-07-12 05:58:00
CRYO2,2018-11-15 09:14:00,2018-11-15 09:15:00
CRYO2,2018-12-13 08:04:00,2018-12-13 08:06:00
CRYO2,2018-12-22 21:20:00,2018-12-22 23:05:00
CRYO2,2019-02-14 09:56:00,2019-02-14 09:58:00
CRYO2,2019-04-03 11:32:00,2019-04-03 11:33:00
CRYO2,2019-06-06 05:55:00,2019-06-06 05:56:00
CRYO2,2019-07-31 04:46:00,2019-07-31 04:47:00
CRYO2,2019-09-17 14:36:00,2019-09-17 14:38:00
CRYO2,2019-11-13 15:02:00,2019-11-13 15:04:00
CRYO2,2020-01-15 12:10:00,2020-01-15 12:11:00
CRYO2,2020-02-27 16:12:00,2020-02-27 16:14:00
CRYO2,2020-04-02 19:02:00,2020-04-02 19:04:00
CRYO2,2020-05-14 15:55:00,2020-05-14 15:57:00
CRYO2,2020-07-16 22:41:00,2020-07-16 22:50:00
CRYO2,2020-07-20 22:34:00,2020-07-21 00:19:00
CRYO2,2020-07-21 01:53:00,2020-07-21 03:38:00
CRYO2,2020-07-23 23:18:00,2020-07-24 01:02:00
CRYO2,2020-07-24 02:36:00,2020-07-24 04:21:00
CRYO2,2020-07-27 23:10:00,2020-07-28 00:54:00
CRYO2,2020-07-28 02:28:00,2020-07-28 04:13:00
CRYO2,2020-07-30 23:20:00,2020-07-30 23:27:00
CRYO2,2020-09-09 08:35:00,2020-09-09 08:37:00
CRYO2,2020-10-22 06:16:00,2020-10-22 06:17:00
CRYO2,2020-11-25 18:45:00,2020-11-25 18:47:00
CRYO2,2020-12-03 09:40:00,2020-12-03 11:21:00
CRYO2,2021-01-26 23:06:00,2021-01-26 23:08:00
CRYO2,2021-03-23 19:47:00,2021-03-23 19:49:00
CRYO2,2021-05-20 08:03:00,2021-05-20 08:04:00
CRYO2,2021-06-17 15:25:00,2021-06-17 15:27:00
CRYO2,2021-07-29 02:32:00,2021-07-29 02:34:00
CRYO2,2021-09-16 01:47:00,2021-09-16 01:50:00
CRYO2,2021-10-13 23:17:00,2021-10-13 23:19:00
CRYO2,2021-11-25 21:07:00,2021-11-25 21:09:00
CRYO2,2021-12-22 12:40:00,2021-12-22 12:42:00
CRYO2,2022-01-21 03:35:00,2022-01-21 03:36:00
CRYO2,2022-02-22 17:28:00,2022-02-22 17:30:00
CRYO2,2022-03-22 16:24:00,2022-03-22 16:27:00
CRYO2,2022-04-13 15:52:00,2022-04-13 15:55:00
CRYO2,2022-04-28 11:18:00,2022-04-28 13:01:00
CRYO2,2022-05-05 14:55:00,2022-05-05 14:59:00
CRYO2,2022-05-24 15:20:00,2022-05-24 15:22:00
CRYO2,2022-06-07 09:24:00,2022-06-07 11:11:00
CRYO2,2022-06-07 12:42:00,2022-06-07 14:29:00
CRYO2,2022-06-09 18:53:00,2022-06-09 18:55:00
CRYO2,2022-06-20 18:29:00,2022-06-20 20:14:00
CRYO2,2022-06-20 21:48:00,2022-06-20 21:53:00
CRYO2,2022-06-23 17:33:00,2022-06-23 19:19:00
CRYO2,2022-06-27 17:26:00,2022-06-27 17:32:00
CRYO2,2022-07-14 14:37:00,2022-07-14 14:39:00
CRYO2,2022-08-03 17:18:00,2022-08-03 17:20:00
CRYO2,2022-09-01 17:13:00,2022-09-01 17:14:00
CRYO2,2022-09-29 16:20:00,2022-09-29 16:22:00
CRYO2,2022-10-02 19:36:00,2022-10-02 19:38:00
CRYO2,2022-10-05 19:26:00,2022-10-05 19:29:00
ENVI1,2002-04-19 04:55:00,2002-04-19 07:46:00
ENVI1,2002-05-09 05:21:00,2002-05-09 08:12:00
ENVI1,2002-06-01 10:26:00,2002-06-01 13:16:00
ENVI1,2002-07-06 03:47:00,2002-07-06 06:38:00
ENVI1,2002-08-06 03:38:00,2002-08-06 06:28:00
ENVI1,2002-08-26 17:07:00,2002-08-26 19:58:00
ENVI1,2002-09-09 23:35:00,2002-09-10 01:48:00
ENVI1,2002-09-11 01:55:00,2002-09-11 03:55:00
ENVI1,2002-09-25 22:21:00,2002-09-26 01:11:00
ENVI1,2002-10-17 19:18:00,2002-10-17 22:09:00
ENVI1,2002-11-07 18:15:00,2002-11-07 21:06:00
ENVI1,2002-11-29 03:35:00,2002-11-29 06:25:00
ENVI1,2002-12-18 04:28:00,2002-12-18 06:36:00
ENVI1,2002-12-18 22:17:00,2002-12-19 00:17:00
ENVI1,2003-01-14 00:55:00,2003-01-14 03:45:00
ENVI1,2003-02-11 23:04:00,2003-02-12 01:04:00
ENVI1,2003-02-21 03:42:00,2003-02-21 05:53:00
ENVI1,2003-03-03 23:51:00,2003-03-04 01:51:00
ENVI1,2003-04-04 00:41:00,2003-04-04 02:41:00
ENVI1,2003-05-14 22:40:00,2003-05-15 00:40:00
ENVI1,2003-05-20 04:11:00,2003-05-20 06:23:00
ENVI1,2003-06-07 01:08:00,2003-06-07 03:08:00
ENVI1,2003-07-11 00:58:00,2003-07-11 03:49:00
ENVI1,2003-08-15 01:31:00,2003-08-15 03:31:00
ENVI1,2003-09-30 00:40:00,2003-09-30 02:41:00
ENVI1,2003-10-28 04:56:00,2003-10-28 07:09:00
ENVI1,2003-10-31 01:13:00,2003-10-31 03:13:00
ENVI1,2003-11-18 23:02:00,2003-11-19 01:52:00
ENVI1,2003-12-15 21:02:00,2003-12-15 23:02:00
ENVI1,2003-12-26 21:03:00,2003-12-26 23:03:00
ENVI1,2004-01-21 23:54:00,2004-01-22 01:54:00
ENVI1,2004-01-26 22:26:00,2004-01-27 00:26:00
ENVI1,2004-02-04 04:46:00,2004-02-04 06:58:00
ENVI1,2004-02-05 11:17:00,2004-02-05 13:17:00
ENVI1,2004-02-24 11:48:00,2004-02-24 13:48:00
ENVI1,2004-04-07 20:05:00,2004-04-07 22:05:00
ENVI1,2004-04-14 04:43:00,2004-04-14 06:55:00
ENVI1,2004-05-07 01:08:00,2004-05-07 03:09:00
ENVI1,2004-06-30 08:08:00,2004-06-30 10:08:00
ENVI1,2004-08-17 02:04:00,2004-08-17 04:04:00
ENVI1,2004-09-01 22:52:00,2004-09-02 00:52:00
ENVI1,2004-09-02 23:44:00,2004-09-03 01:44:00
ENVI1,2004-09-21 04:14:00,2004-09-21 06:29:00
ENVI1,2004-09-24 03:53:00,2004-09-24 05:53:00
ENVI1,2004-10-22 03:20:00,2004-10-22 07:00:00
ENVI1,2004-11-12 01:07:00,2004-11-12 03:08:00
ENVI1,2004-12-17 01:03:00,2004-12-17 03:03:00
ENVI1,2005-01-05 23:10:00,2005-01-06 01:10:00
ENVI1,2005-01-07 04:25:00,2005-01-07 06:38:00
ENVI1,2005-02-18 01:23:00,2005-02-18 03:23:00
ENVI1,2005-03-17 04:51:00,2005-03-17 07:06:00
ENVI1,2005-03-30 22:45:00,2005-03-31 00:46:00
ENVI1,2005-04-01 22:37:00,2005-04-02 00:37:00
ENVI1,2005-05-20 00:10:00,2005-05-20 02:10:00
ENVI1,2005-06-08 19:06:00,2005-06-08 21:06:00
ENVI1,2005-08-09 22:45:00,2005-08-10 00:45:00
ENVI1,2005-09-07 05:19:00,2005-09-07 07:36:00
ENVI1,2005-10-06 02:19:00,2005-10-06 02:19:00
ENVI1,2005-12-02 00:10:00,2005-12-02 00:10:00
ENVI1,2006-01-04 05:01:00,2006-01-04 05:01:00
ENVI1,2006-01-10 05:54:00,2006-01-10 06:11:00
ENVI1,2006-01-19 23:47:00,2006-01-19 23:47:00
ENVI1,2006-03-28 05:33:00,2006-03-28 05:52:00
ENVI1,2006-03-31 05:48:00,2006-03-31 05:48:00
ENVI1,2006-06-01 00:53:00,2006-06-01 00:53:00
ENVI1,2006-06-20 01:18:00,2006-06-20 02:58:00
ENVI1,2006-09-12 02:19:00,2006-09-12 04:19:00
ENVI1,2006-09-13 05:22:00,2006-09-13 05:40:00
ENVI1,2006-11-15 03:07:00,2006-11-15 03:08:00
ENVI1,2006-12-20 23:39:00,2006-12-20 23:39:00
ENVI1,2007-01-23 04:33:00,2007-01-23 04:51:00
ENVI1,2007-01-24 02:03:00,2007-01-24 02:03:00
ENVI1,2007-02-22 03:06:00,2007-02-22 03:06:00
ENVI1,2007-04-03 04:34:00,2007-04-03 04:50:00
ENVI1,2007-04-05 03:05:00,2007-04-05 03:05:00
ENVI1,2007-05-16 03:36:00,2007-05-16 03:36:00
ENVI1,2007-06-15 01:36:00,2007-06-15 01:36:00
ENVI1,2007-07-10 03:00:00,2007-07-10 03:00:00
ENVI1,2007-07-17 04:41:00,2007-07-17 04:43:00
ENVI1,2007-07-18 03:07:00,2007-07-18 03:08:00
ENVI1,2007-08-09 02:59:00,2007-08-09 02:59:00
ENVI1,2007-09-27 05:16:00,2007-09-27 05:31:00
ENVI1,2007-09-28 03:16:00,2007-09-28 03:16:00
ENVI1,2007-10-25 03:00:00,2007-10-25 03:00:00
ENVI1,2007-11-29 03:19:00,2007-11-29 03:19:00
ENVI1,2007-12-04 04:34:00,2007-12-04 04:49:00
ENVI1,2007-12-07 02:47:00,2007-12-07 02:47:00
ENVI1,2008-01-02 20:29:00,2008-01-02 20:29:00
ENVI1,2008-01-10 20:45:00,2008-01-10 20:45:00
ENVI1,2008-02-12 04:35:00,2008-02-12 04:49:00
ENVI1,2008-03-07 03:17:00,2008-03-07 03:17:00
ENVI1,2008-04-18 03:21:00,2008-04-18 03:21:00
ENVI1,2008-04-22 04:37:00,2008-04-22 04:47:00
ENVI1,2008-04-24 14:11:00,2008-04-24 14:11:00
ENVI1,2008-05-30 03:05:00,2008-05-30 03:05:00
ENVI1,2008-07-01 04:41:00,2008-07-01 04:43:00
ENVI1,2008-07-03 03:15:00,2008-07-03 04:55:00
ENVI1,2008-08-29 01:36:00,2008-08-29 01:36:00
ENVI1,2008-09-09 04:34:00,2008-09-09 04:50:00
ENVI1,2008-09-10 02:41:00,2008-09-10 02:41:00
ENVI1,2008-09-19 02:54:00,2008-09-19 02:54:00
ENVI1,2008-11-07 01:37:00,2008-11-07 01:37:00
ENVI1,2008-11-18 04:35:00,2008-11-18 04:49:00
ENVI1,2008-12-19 03:12:00,2008-12-19 03:12:00
ENVI1,2009-01-27 03:35:00,2009-01-27 05:49:00
ENVI1,2009-01-28 01:26:00,2009-01-28 03:26:00
ENVI1,2009-02-17 03:27:00,2009-02-17 03:27:00
ENVI1,2009-03-13 03:06:00,2009-03-13 03:06:00
ENVI1,2009-04-07 04:34:00,2009-04-07 04:50:00
ENVI1,2009-04-15 22:16:00,2009-04-15 23:56:00
ENVI1,2009-04-21 02:50:00,2009-04-21 02:50:00
ENVI1,2009-05-20 01:32:00,2009-05-20 03:13:00
ENVI1,2009-07-09 03:01:00,2009-07-09 03:01:00
ENVI1,2009-07-21 04:40:00,2009-07-21 04:44:00
ENVI1,2009-07-23 02:00:00,2009-07-23 02:50:00
ENVI1,2009-09-29 04:33:00,2009-09-29 04:51:00
ENVI1,2009-10-15 01:56:00,2009-10-15 01:56:00
ENVI1,2009-11-04 07:51:00,2009-11-04 09:32:00
ENVI1,2009-11-06 02:35:00,2009-11-06 02:35:00
ENVI1,2009-12-03 03:04:00,2009-12-03 03:04:00
ENVI1,2009-12-08 04:34:00,2009-12-08 04:49:00
ENVI1,2009-12-09 22:18:00,2009-12-09 22:18:00
ENVI1,2009-12-18 02:24:00,2009-12-18 02:24:00
ENVI1,2010-01-21 01:03:00,2010-01-21 04:44:00
ENVI1,2010-01-22 01:52:00,2010-01-22 01:52:00
ENVI1,2010-02-16 04:33:00,2010-02-16 04:50:00
ENVI1,2010-02-22 21:13:00,2010-02-22 22:04:00
ENVI1,2010-03-17 17:24:00,2010-03-17 19:05:00
ENVI1,2010-04-17 03:03:00,2010-04-17 04:44:00
ENVI1,2010-04-27 04:37:00,2010-04-27 04:47:00
ENVI1,2010-05-28 02:35:00,2010-05-28 04:15:00
ENVI1,2010-06-25 03:22:00,2010-06-25 03:23:00
ENVI1,2010-07-06 04:37:00,2010-07-06 04:47:00
ENVI1,2010-07-07 02:03:00,2010-07-07 02:03:00
ENVI1,2010-07-30 05:20:00,2010-07-30 05:20:00
ENVI1,2010-08-23 21:41:00,2010-08-23 21:41:00
ENVI1,2010-09-24 03:39:00,2010-09-24 03:39:00
ENVI1,2010-10-15 04:03:00,2010-10-15 04:03:00
ENVI1,2010-10-22 06:36:00,2010-10-22 09:35:00
ENVI1,2010-10-26 13:49:00,2010-10-26 16:42:00
ENVI1,2010-11-04 20:40:00,2010-11-04 21:31:00
ENVI1,2010-11-22 07:02:00,2010-11-22 08:42:00
ENVI1,2010-11-25 03:16:00,2010-11-25 04:56:00
ENVI1,2010-12-01 20:51:00,2010-12-02 00:12:00
ENVI1,2010-12-17 06:12:00,2010-12-17 06:12:00
ENVI1,2011-01-14 01:58:00,2011-01-14 01:58:00
ENVI1,2011-02-18 05:10:00,2011-02-18 05:10:00
ENVI1,2011-03-17 00:51:00,2011-03-17 02:31:00
ENVI1,2011-04-08 09:43:00,2011-04-08 09:43:00
ENVI1,2011-04-16 14:17:00,2011-04-16 14:17:00
ENVI1,2011-05-05 01:02:00,2011-05-05 01:03:00
ENVI1,2011-06-01 02:41:00,2011-06-01 03:32:00
ENVI1,2011-06-16 04:00:00,2011-06-16 05:40:00
ENVI1,2011-07-13 01:08:00,2011-07-13 04:48:00
ENVI1,2011-07-14 03:24:00,2011-07-14 07:04:00
ENVI1,2011-08-11 00:55:00,2011-08-11 02:35:00
ENVI1,2011-08-17 22:46:00,2011-08-18 00:26:00
ENVI1,2011-08-23 00:38:00,2011-08-23 00:38:00
ENVI1,2011-09-09 02:31:00,2011-09-09 04:11:00
ENVI1,2011-09-23 01:19:00,2011-09-23 02:59:00
ENVI1,2011-09-30 03:37:00,2011-09-30 04:27:00
ENVI1,2011-10-14 03:11:00,2011-10-14 03:11:00
ENVI1,2011-10-28 02:46:00,2011-10-28 02:46:00
ENVI1,2011-11-06 14:58:00,2011-11-06 18:19:00
ENVI1,2011-11-11 03:08:00,2011-11-11 03:58:00
ENVI1,2011-11-17 02:44:00,2011-11-17 02:45:00
ENVI1,2011-11-25 02:45:00,2011-11-25 02:45:00
ENVI1,2011-12-08 02:58:00,2011-12-08 02:58:00
ENVI1,2011-12-23 03:24:00,2011-12-23 05:25:00
ENVI1,2011-12-25 02:20:00,2011-12-25 02:20:00
ENVI1,2012-01-13 03:43:00,2012-01-13 03:43:00
ENVI1,2012-02-01 01:53:00,2012-02-01 01:53:00
ENVI1,2012-02-24 03:17:00,2012-02-24 05:17:00
ENVI1,2012-03-01 02:29:00,2012-03-01 04:49:00
ENVI1,2012-03-06 02:47:00,2012-03-06 04:47:00
ENVI1,2012-03-15 03:11:00,2012-03-15 03:12:00
ENVI1,2012-04-05 04:18:00,2012-04-05 04:18:00
GEO-ATTITUDE-CONTROL 2018-050A,2019-05-09 16:00:00,2019-05-09 17:00:00
GEO-EW-STATION-KEEPING 2006-053A,2011-02-01 15:00:00,2011-02-01 16:00:00
GEO-EW-STATION-KEEPING 2006-053A,2011-03-28 16:00:00,2011-03-28 17:00:00
GEO-EW-STATION-KEEPING 2006-053A,2011-06-02 15:30:00,2011-06-02 16:30:00
GEO-EW-STATION-KEEPING 2006-053A,2011-08-04 15:30:00,2011-08-04 16:30:00
GEO-EW-STATION-KEEPING 2006-053A,2011-10-17 09:00:00,2011-10-17 10:00:00
GEO-EW-STATION-KEEPING 2006-053A,2011-12-29 16:30:00,2011-12-29 17:30:00
GEO-EW-STATION-KEEPING 2006-053A,2012-03-12 15:30:00,2012-03-12 16:30:00
GEO-EW-STATION-KEEPING 2006-053A,2012-05-16 10:00:00,2012-05-16 11:00:00
GEO-EW-STATION-KEEPING 2006-053A,2012-08-10 15:00:00,2012-08-10 16:00:00
GEO-EW-STATION-KEEPING 2006-053A,2012-11-01 09:30:00,2012-11-01 10:30:00
GEO-EW-STATION-KEEPING 2006-053A,2013-02-05 15:30:00,2013-02-05 16:30:00
GEO-EW-STATION-KEEPING 2006-053A,2013-04-09 15:30:00,2013-04-09 16:30:00
GEO-EW-STATION-KEEPING 2006-053A,2013-06-25 15:30:00,2013-06-25 16:30:00
GEO-EW-STATION-KEEPING 2006-053A,2013-09-16 15:30:00,2013-09-16 16:30:00
GEO-EW-STATION-KEEPING 2006-053A,2013-11-22 15:30:00,2013-11-22 16:30:00
GEO-EW-STATION-KEEPING 2006-053A,2014-02-20 15:30:00,2014-02-20 16:30:00
GEO-EW-STATION-KEEPING 2006-053A,2014-05-09 15:30:00,2014-05-09 16:30:00
GEO-EW-STATION-KEEPING 2006-053A,2014-08-04 15:30:00,2014-08-04 16:30:00
GEO-EW-STATION-KEEPING 2006-053A,2014-10-24 15:30:00,2014-10-24 16:30:00
GEO-EW-STATION-KEEPING 2006-053A,2015-01-27 14:30:00,2015-01-27 15:30:00
GEO-EW-STATION-KEEPING 2006-053A,2015-04-10 15:30:00,2015-04-10 16:30:00
GEO-EW-STATION-KEEPING 2008-066A,2011-03-17 16:30:00,2011-03-17 17:30:00
GEO-EW-STATION-KEEPING 2008-066A,2011-05-05 16:30:00,2011-05-05 17:30:00
GEO-EW-STATION-KEEPING 2008-066A,2011-08-15 16:30:00,2011-08-15 17:30:00
GEO-EW-STATION-KEEPING 2008-066A,2011-09-26 16:30:00,2011-09-26 17:30:00
GEO-EW-STATION-KEEPING 2008-066A,2011-11-15 09:00:00,2011-11-15 10:00:00
GEO-EW-STATION-KEEPING 2008-066A,2012-01-04 16:00:00,2012-01-04 17:00:00
GEO-EW-STATION-KEEPING 2008-066A,2012-02-23 15:30:00,2012-02-23 16:30:00
GEO-EW-STATION-KEEPING 2008-066A,2012-04-16 15:30:00,2012-04-16 16:30:00
GEO-EW-STATION-KEEPING 2008-066A,2012-06-21 16:30:00,2012-06-21 17:30:00
GEO-EW-STATION-KEEPING 2008-066A,2012-07-18 10:30:00,2012-07-18 11:30:00
GEO-EW-STATION-KEEPING 2008-066A,2012-09-04 15:30:00,2012-09-04 16:30:00
GEO-EW-STATION-KEEPING 2008-066A,2012-10-22 14:30:00,2012-10-22 15:30:00
GEO-EW-STATION-KEEPING 2008-066A,2012-12-12 14:30:00,2012-12-12 15:30:00
GEO-EW-STATION-KEEPING 2008-066A,2013-01-30 16:30:00,2013-01-30 17:30:00
GEO-EW-STATION-KEEPING 2008-066A,2013-03-15 16:30:00,2013-03-15 17:30:00
GEO-EW-STATION-KEEPING 2008-066A,2013-04-27 16:30:00,2013-04-27 17:30:00
GEO-EW-STATION-KEEPING 2008-066A,2013-06-13 15:30:00,2013-06-13 16:30:00
GEO-EW-STATION-KEEPING 2008-066A,2013-07-26 15:30:00,2013-07-26 16:30:00
GEO-EW-STATION-KEEPING 2008-066A,2013-09-09 15:30:00,2013-09-09 16:30:00
GEO-EW-STATION-KEEPING 2008-066A,2013-10-24 15:30:00,2013-10-24 16:30:00
GEO-EW-STATION-KEEPING 2008-066A,2013-12-13 15:30:00,2013-12-13 16:30:00
GEO-EW-STATION-KEEPING 2008-066A,2014-01-27 08:30:00,2014-01-27 09:30:00
GEO-EW-STATION-KEEPING 2008-066A,2014-03-10 15:30:00,2014-03-10 16:30:00
GEO-EW-STATION-KEEPING 2008-066A,2014-04-21 15:30:00,2014-04-21 16:30:00
GEO-EW-STATION-KEEPING 2008-066A,2014-06-06 15:30:00,2014-06-06 16:30:00
GEO-EW-STATION-KEEPING 2008-066A,2014-07-21 15:30:00,2014-07-21 16:30:00
GEO-EW-STATION-KEEPING 2008-066A,2014-09-05 15:30:00,2014-09-05 16:30:00
GEO-EW-STATION-KEEPING 2008-066A,2014-10-17 15:30:00,2014-10-17 16:30:00
GEO-EW-STATION-KEEPING 2008-066A,2014-12-01 15:30:00,2014-12-01 16:30:00
GEO-EW-STATION-KEEPING 2008-066A,2015-01-15 15:30:00,2015-01-15 16:30:00
GEO-EW-STATION-KEEPING 2008-066A,2015-02-28 15:30:00,2015-02-28 16:30:00
GEO-EW-STATION-KEEPING 2008-066A,2015-04-13 15:30:00,2015-04-13 16:30:00
GEO-EW-STATION-KEEPING 2008-066A,2015-08-03 15:30:00,2015-08-03 16:30:00
GEO-EW-STATION-KEEPING 2008-066A,2015-09-28 15:30:00,2015-09-28 16:30:00
GEO-EW-STATION-KEEPING 2008-066A,2016-01-15 15:30:00,2016-01-15 16:30:00
GEO-EW-STATION-KEEPING 2008-066A,2016-04-14 15:30:00,2016-04-14 16:30:00
GEO-EW-STATION-KEEPING 2008-066A,2016-07-11 15:45:00,2016-07-11 16:15:00
GEO-EW-STATION-KEEPING 2008-066A,2016-09-12 16:30:00,2016-09-12 17:30:00
GEO-EW-STATION-KEEPING 2008-066A,2016-11-24 16:45:00,2016-11-24 17:45:00
GEO-EW-STATION-KEEPING 2008-066A,2017-02-22 15:30:00,2017-02-22 16:30:00
GEO-EW-STATION-KEEPING 2008-066A,2017-06-06 16:15:00,2017-06-06 17:15:00
GEO-EW-STATION-KEEPING 2008-066A,2017-08-24 16:15:00,2017-08-24 17:15:00
GEO-EW-STATION-KEEPING 2008-066A,2017-11-15 16:15:00,2017-11-15 17:15:00
GEO-EW-STATION-KEEPING 2008-066A,2018-02-02 16:15:00,2018-02-02 17:15:00
GEO-EW-STATION-KEEPING 2008-066A,2018-04-17 16:15:00,2018-04-17 17:15:00
GEO-EW-STATION-KEEPING 2008-066A,2018-07-16 16:15:00,2018-07-16 17:15:00
GEO-EW-STATION-KEEPING 2008-066A,2018-10-15 16:15:00,2018-10-15 17:15:00
GEO-EW-STATION-KEEPING 2012-002A,2012-09-11 15:00:00,2012-09-11 16:00:00
GEO-EW-STATION-KEEPING 2012-002A,2013-01-15 02:30:00,2013-01-15 03:30:00
GEO-EW-STATION-KEEPING 2012-002A,2013-03-04 22:30:00,2013-03-04 23:30:00
GEO-EW-STATION-KEEPING 2012-002A,2013-04-16 15:30:00,2013-04-16 16:30:00
GEO-EW-STATION-KEEPING 2012-002A,2013-07-22 15:30:00,2013-07-22 16:30:00
GEO-EW-STATION-KEEPING 2012-002A,2013-09-06 15:30:00,2013-09-06 16:30:00
GEO-EW-STATION-KEEPING 2012-002A,2013-10-21 15:30:00,2013-10-21 16:30:00
GEO-EW-STATION-KEEPING 2012-002A,2013-12-09 15:30:00,2013-12-09 16:30:00
GEO-EW-STATION-KEEPING 2012-002A,2014-01-24 15:30:00,2014-01-24 16:30:00
GEO-EW-STATION-KEEPING 2012-002A,2014-03-07 16:30:00,2014-03-07 17:30:00
GEO-EW-STATION-KEEPING 2012-002A,2014-04-25 16:30:00,2014-04-25 17:30:00
GEO-EW-STATION-KEEPING 2012-002A,2014-07-31 16:30:00,2014-07-31 17:30:00
GEO-EW-STATION-KEEPING 2012-002A,2014-09-12 15:30:00,2014-09-12 16:30:00
GEO-EW-STATION-KEEPING 2012-002A,2014-10-20 15:30:00,2014-10-20 16:30:00
GEO-EW-STATION-KEEPING 2012-002A,2014-12-05 15:30:00,2014-12-05 16:30:00
GEO-EW-STATION-KEEPING 2012-002A,2015-01-19 09:30:00,2015-01-19 10:30:00
GEO-EW-STATION-KEEPING 2012-002A,2015-03-05 15:30:00,2015-03-05 16:30:00
GEO-EW-STATION-KEEPING 2012-002A,2015-04-17 16:30:00,2015-04-17 17:30:00
GEO-EW-STATION-KEEPING 2012-002A,2015-06-12 16:30:00,2015-06-12 17:30:00
GEO-EW-STATION-KEEPING 2012-002A,2015-07-29 15:30:00,2015-07-29 16:30:00
GEO-EW-STATION-KEEPING 2012-002A,2015-09-16 15:30:00,2015-09-16 16:30:00
GEO-EW-STATION-KEEPING 2012-002A,2015-10-30 15:30:00,2015-10-30 16:30:00
GEO-EW-STATION-KEEPING 2012-002A,2015-12-21 15:30:00,2015-12-21 16:30:00
GEO-EW-STATION-KEEPING 2012-002A,2016-02-03 15:30:00,2016-02-03 16:30:00
GEO-EW-STATION-KEEPING 2012-002A,2016-03-17 15:30:00,2016-03-17 16:30:00
GEO-EW-STATION-KEEPING 2012-002A,2016-05-06 15:30:00,2016-05-06 16:30:00
GEO-EW-STATION-KEEPING 2012-002A,2016-06-24 16:30:00,2016-06-24 17:30:00
GEO-EW-STATION-KEEPING 2012-002A,2016-08-12 16:30:00,2016-08-12 17:30:00
GEO-EW-STATION-KEEPING 2012-002A,2016-09-29 16:30:00,2016-09-29 17:30:00
GEO-EW-STATION-KEEPING 2012-002A,2016-11-18 16:30:00,2016-11-18 17:30:00
GEO-EW-STATION-KEEPING 2012-002A,2017-01-06 16:30:00,2017-01-06 17:30:00
GEO-EW-STATION-KEEPING 2012-002A,2017-02-20 16:30:00,2017-02-20 17:30:00
GEO-EW-STATION-KEEPING 2012-002A,2017-04-10 16:30:00,2017-04-10 17:30:00
GEO-EW-STATION-KEEPING 2012-002A,2017-05-26 16:30:00,2017-05-26 17:30:00
GEO-EW-STATION-KEEPING 2012-002A,2017-07-14 16:30:00,2017-07-14 17:30:00
GEO-EW-STATION-KEEPING 2012-002A,2017-09-05 16:30:00,2017-09-05 17:30:00
GEO-EW-STATION-KEEPING 2012-002A,2017-09-05 16:30:00,2017-09-05 17:30:00
GEO-EW-STATION-KEEPING 2012-002A,2018-01-19 16:30:00,2018-01-19 17:30:00
GEO-EW-STATION-KEEPING 2012-002A,2018-04-20 15:30:00,2018-04-20 16:30:00
GEO-EW-STATION-KEEPING 2012-002A,2018-06-11 15:30:00,2018-06-11 16:30:00
GEO-EW-STATION-KEEPING 2012-002A,2018-07-31 16:30:00,2018-07-31 17:30:00
GEO-EW-STATION-KEEPING 2012-002A,2018-09-18 16:00:00,2018-09-18 17:00:00
GEO-EW-STATION-KEEPING 2012-002A,2018-10-20 16:30:00,2018-10-20 17:30:00
GEO-EW-STATION-KEEPING 2012-002A,2018-11-02 16:30:00,2018-11-02 17:30:00
GEO-EW-STATION-KEEPING 2012-002A,2019-01-15 16:00:00,2019-01-15 17:00:00
GEO-EW-STATION-KEEPING 2012-002A,2019-02-22 16:00:00,2019-02-22 17:00:00
GEO-EW-STATION-KEEPING 2012-002A,2019-04-11 16:00:00,2019-04-11 17:00:00
GEO-EW-STATION-KEEPING 2012-002A,2019-05-27 16:00:00,2019-05-27 17:00:00
GEO-EW-STATION-KEEPING 2012-002A,2019-07-12 16:00:00,2019-07-12 17:00:00
GEO-EW-STATION-KEEPING 2012-002A,2019-08-30 16:00:00,2019-08-30 17:00:00
GEO-EW-STATION-KEEPING 2012-002A,2019-10-11 16:00:00,2019-10-11 17:00:00
GEO-EW-STATION-KEEPING 2012-002A,2019-11-29 16:00:00,2019-11-29 17:00:00
GEO-EW-STATION-KEEPING 2012-002A,2020-01-15 16:00:00,2020-01-15 17:00:00
GEO-EW-STATION-KEEPING 2012-002A,2020-03-02 15:30:00,2020-03-02 16:30:00
GEO-EW-STATION-KEEPING 2012-002A,2020-04-16 15:30:00,2020-04-16 16:30:00
GEO-EW-STATION-KEEPING 2012-002A,2020-06-11 15:30:00,2020-06-11 16:30:00
GEO-EW-STATION-KEEPING 2012-002A,2020-07-31 15:00:00,2020-07-31 16:00:00
GEO-EW-STATION-KEEPING 2012-002A,2020-11-16 15:00:00,2020-11-16 16:00:00
GEO-EW-STATION-KEEPING 2012-002A,2021-01-13 15:30:00,2021-01-13 16:30:00
GEO-EW-STATION-KEEPING 2012-002A,2021-03-08 16:30:00,2021-03-08 17:30:00
GEO-EW-STATION-KEEPING 2012-002A,2021-04-21 16:30:00,2021-04-21 17:30:00
GEO-EW-STATION-KEEPING 2012-002A,2021-06-15 16:00:00,2021-06-15 17:00:00
GEO-EW-STATION-KEEPING 2012-002A,2021-08-04 15:00:00,2021-08-04 16:00:00
GEO-EW-STATION-KEEPING 2012-002A,2021-09-22 16:00:00,2021-09-22 17:00:00
GEO-EW-STATION-KEEPING 2012-002A,2021-09-23 16:00:00,2021-09-23 17:00:00
GEO-EW-STATION-KEEPING 2012-002A,2021-11-15 15:30:00,2021-11-15 16:30:00
GEO-EW-STATION-KEEPING 2012-002A,2022-01-05 08:30:00,2022-01-05 09:30:00
GEO-EW-STATION-KEEPING 2016-077A,2018-05-22 17:16:00,2018-05-22 17:44:00
GEO-EW-STATION-KEEPING 2016-077A,2018-06-14 17:16:00,2018-06-14 17:44:00
GEO-EW-STATION-KEEPING 2016-077A,2018-07-12 16:16:00,2018-07-12 16:44:00
GEO-EW-STATION-KEEPING 2016-077A,2018-08-08 15:16:00,2018-08-08 15:44:00
GEO-EW-STATION-KEEPING 2016-077A,2018-09-10 10:16:00,2018-09-10 10:44:00
GEO-EW-STATION-KEEPING 2016-077A,2018-09-20 16:16:00,2018-09-20 16:44:00
GEO-EW-STATION-KEEPING 2016-077A,2018-10-09 09:16:00,2018-10-09 09:44:00
GEO-EW-STATION-KEEPING 2016-077A,2018-11-09 09:16:00,2018-11-09 09:44:00
GEO-EW-STATION-KEEPING 2016-077A,2018-12-10 09:16:00,2018-12-10 09:44:00
GEO-EW-STATION-KEEPING 2016-077A,2019-01-09 17:16:00,2019-01-09 17:44:00
GEO-EW-STATION-KEEPING 2016-077A,2019-02-12 17:16:00,2019-02-12 17:44:00
GEO-EW-STATION-KEEPING 2016-077A,2019-03-19 17:16:00,2019-03-19 17:44:00
GEO-EW-STATION-KEEPING 2016-077A,2019-04-15 17:16:00,2019-04-15 17:44:00
GEO-EW-STATION-KEEPING 2016-077A,2019-05-16 17:16:00,2019-05-16 17:44:00
GEO-EW-STATION-KEEPING 2016-077A,2019-08-16 15:16:00,2019-08-16 15:44:00
GEO-EW-STATION-KEEPING 2016-077A,2019-09-18 16:16:00,2019-09-18 16:44:00
GEO-EW-STATION-KEEPING 2016-077A,2019-12-18 17:16:00,2019-12-18 17:44:00
GEO-EW-STATION-KEEPING 2016-077A,2020-01-16 17:16:00,2020-01-16 17:44:00
GEO-EW-STATION-KEEPING 2016-077A,2020-03-12 15:16:00,2020-03-12 15:44:00
GEO-EW-STATION-KEEPING 2016-077A,2020-03-26 17:16:00,2020-03-26 17:44:00
GEO-EW-STATION-KEEPING 2016-077A,2020-04-17 15:16:00,2020-04-17 15:44:00
GEO-EW-STATION-KEEPING 2016-077A,2020-05-18 15:16:00,2020-05-18 15:44:00
GEO-EW-STATION-KEEPING 2016-077A,2020-06-14 17:16:00,2020-06-14 17:44:00
GEO-EW-STATION-KEEPING 2016-077A,2020-07-21 16:16:00,2020-07-21 16:44:00
GEO-EW-STATION-KEEPING 2016-077A,2020-10-22 09:16:00,2020-10-22 09:44:00
GEO-EW-STATION-KEEPING 2016-077A,2020-11-18 09:16:00,2020-11-18 09:44:00
GEO-EW-STATION-KEEPING 2016-077A,2020-12-16 17:16:00,2020-12-16 17:44:00
GEO-EW-STATION-KEEPING 2016-077A,2021-01-15 17:16:00,2021-01-15 17:44:00
GEO-EW-STATION-KEEPING 2016-077A,2021-02-09 17:16:00,2021-02-09 17:44:00
GEO-EW-STATION-KEEPING 2016-077A,2021-03-11 17:16:00,2021-03-11 17:44:00
GEO-EW-STATION-KEEPING 2016-077A,2021-04-20 17:16:00,2021-04-20 17:44:00
GEO-EW-STATION-KEEPING 2016-077A,2021-05-28 16:16:00,2021-05-28 16:44:00
GEO-EW-STATION-KEEPING 2016-077A,2021-07-02 16:16:00,2021-07-02 16:44:00
GEO-EW-STATION-KEEPING 2016-077A,2021-08-04 16:16:00,2021-08-04 16:44:00
GEO-EW-STATION-KEEPING 2016-077A,2021-08-20 16:16:00,2021-08-20 16:44:00
GEO-EW-STATION-KEEPING 2016-077A,2021-09-10 16:16:00,2021-09-10 16:44:00
GEO-EW-STATION-KEEPING 2016-077A,2021-10-18 16:16:00,2021-10-18 16:44:00
GEO-EW-STATION-KEEPING 2016-077A,2021-11-12 08:16:00,2021-11-12 08:44:00
GEO-EW-STATION-KEEPING 2016-077A,2021-12-07 16:16:00,2021-12-07 16:44:00
GEO-EW-STATION-KEEPING 2016-077A,2021-12-31 16:16:00,2021-12-31 16:44:00
GEO-EW-STATION-KEEPING 2016-077A,2022-01-21 16:16:00,2022-01-21 16:44:00
GEO-EW-STATION-KEEPING 2016-077A,2022-02-21 16:16:00,2022-02-21 16:44:00
GEO-EW-STATION-KEEPING 2018-050A,2019-01-18 09:00:00,2019-01-18 10:00:00
GEO-EW-STATION-KEEPING 2018-050A,2019-04-18 16:30:00,2019-04-18 17:30:00
GEO-EW-STATION-KEEPING 2018-050A,2019-09-27 15:00:00,2019-09-27 16:00:00
GEO-EW-STATION-KEEPING 2018-050A,2020-01-03 09:00:00,2020-01-03 10:00:00
GEO-EW-STATION-KEEPING 2018-050A,2020-04-15 15:00:00,2020-04-15 16:00:00
GEO-EW-STATION-KEEPING 2018-050A,2020-08-06 15:00:00,2020-08-06 16:00:00
GEO-EW-STATION-KEEPING 2018-050A,2020-11-09 15:00:00,2020-11-09 16:00:00
GEO-EW-STATION-KEEPING 2018-050A,2021-03-03 16:30:00,2021-03-03 17:30:00
GEO-EW-STATION-KEEPING 2018-050A,2021-06-11 16:00:00,2021-06-11 17:00:00
GEO-EW-STATION-KEEPING 2018-050A,2021-09-27 15:00:00,2021-09-27 16:00:00
GEO-EW-STATION-KEEPING 2018-050A,2022-01-18 09:00:00,2022-01-18 10:00:00
GEO-NS-STATION-KEEPING 2006-053A,2012-12-25 11:00:00,2012-12-26 15:00:00
GEO-NS-STATION-KEEPING 2012-002A,2018-11-27 00:00:00,2018-11-30 23:59:59
GEO-NS-STATION-KEEPING 2016-077A,2018-09-19 17:30:00,2018-09-19 22:00:00
GEO-NS-STATION-KEEPING 2016-077A,2019-03-18 17:30:00,2019-03-18 23:00:00
GEO-NS-STATION-KEEPING 2016-077A,2019-10-09 16:00:00,2019-10-09 20:30:00
GEO-NS-STATION-KEEPING 2016-077A,2020-03-25 17:30:00,2020-03-25 22:00:00
GEO-NS-STATION-KEEPING 2016-077A,2021-03-18 18:00:00,2021-03-18 23:00:00
GEO-NS-STATION-KEEPING 2016-077A,2021-09-21 17:30:00,2021-09-21 21:30:00
GEO-NS-STATION-KEEPING 2016-077A,2021-09-22 17:30:00,2021-09-22 22:00:00
HY-2A,2011-09-28 16:20:00,2011-09-28 16:20:00
HY-2A,2012-02-14 03:05:00,2012-02-14 03:05:00
HY-2A,2012-02-24 03:20:00,2012-02-24 03:20:00
HY-2A,2012-04-20 03:20:00,2012-04-20 03:20:00
HY-2A,2012-06-08 02:35:00,2012-06-08 02:35:00
HY-2A,2012-08-01 03:25:00,2012-08-01 03:25:00
HY-2A,2012-10-10 03:26:00,2012-10-10 03:26:00
HY-2A,2012-12-05 01:50:00,2012-12-05 01:50:00
HY-2A,2013-01-11 03:20:00,2013-01-11 03:20:00
HY-2A,2013-03-01 02:35:00,2013-03-01 02:35:00
HY-2A,2013-04-16 01:17:00,2013-04-16 01:17:00
HY-2A,2013-05-30 02:58:00,2013-05-30 02:58:00
HY-2A,2013-07-12 03:25:00,2013-07-12 03:25:00
HY-2A,2013-07-19 04:15:00,2013-07-19 04:15:00
HY-2A,2013-08-23 03:25:00,2013-08-23 03:25:00
HY-2A,2013-11-15 03:23:00,2013-11-15 03:23:00
HY-2A,2013-12-24 02:25:00,2013-12-24 02:25:00
HY-2A,2014-02-18 04:02:00,2014-02-18 04:02:00
HY-2A,2014-03-14 12:36:00,2014-03-14 12:36:00
HY-2A,2014-04-16 04:23:00,2014-04-16 04:23:00
HY-2A,2014-05-30 03:25:00,2014-05-30 03:25:00
HY-2A,2014-08-05 02:25:00,2014-08-05 02:25:00
HY-2A,2014-08-12 04:55:00,2014-08-12 04:55:00
HY-2A,2014-10-23 08:47:00,2014-10-23 08:47:00
HY-2A,2014-11-28 03:25:00,2014-11-28 03:25:00
HY-2A,2015-01-09 01:47:00,2015-01-09 01:47:00
HY-2A,2015-02-28 03:05:00,2015-02-28 03:05:00
HY-2A,2015-04-08 01:56:00,2015-04-08 01:56:00
HY-2A,2015-05-22 02:34:00,2015-05-22 02:34:00
HY-2A,2015-07-16 00:30:00,2015-07-16 00:30:00
HY-2A,2015-09-17 04:50:00,2015-09-17 04:50:00
HY-2A,2016-01-08 03:27:00,2016-01-08 03:27:00
HY-2A,2016-03-01 05:50:00,2016-03-01 05:50:00
HY-2A,2016-03-23 03:40:00,2016-03-23 03:40:00
HY-2A,2016-04-21 04:17:00,2016-04-21 04:17:00
HY-2A,2016-06-21 03:25:00,2016-06-21 03:25:00
HY-2A,2016-08-11 02:05:00,2016-08-11 02:05:00
HY-2A,2016-11-09 03:22:00,2016-11-09 03:22:00
HY-2A,2017-01-20 04:51:00,2017-01-20 04:51:00
HY-2A,2017-03-22 03:55:00,2017-03-22 03:55:00
HY-2A,2017-06-02 01:59:00,2017-06-02 01:59:00
HY-2A,2017-08-01 02:22:00,2017-08-01 02:22:00
HY-2A,2017-10-19 11:23:00,2017-10-19 11:23:00
HY-2A,2018-01-17 02:38:00,2018-01-17 02:38:00
HY-2A,2018-03-07 09:10:00,2018-03-07 09:10:00
HY-2A,2018-04-03 02:15:00,2018-04-03 02:15:00
HY-2A,2018-05-22 03:30:00,2018-05-22 03:30:00
HY-2A,2018-07-10 06:35:00,2018-07-10 06:35:00
HY-2A,2018-08-28 04:30:00,2018-08-28 04:30:00
HY-2A,2018-12-26 03:29:00,2018-12-26 03:29:00
HY-2A,2019-01-30 09:33:00,2019-01-30 09:33:00
HY-2A,2019-02-12 09:20:00,2019-02-12 09:20:00
HY-2A,2019-02-14 01:52:00,2019-02-14 01:52:00
HY-2A,2019-05-23 09:18:00,2019-05-23 09:18:00
HY-2A,2019-09-04 02:41:00,2019-09-04 02:41:00
HY-2A,2020-02-12 03:20:00,2020-02-12 03:20:00
HY-2A,2020-03-31 05:30:00,2020-03-31 05:30:00
HY-2A,2020-06-09 01:40:00,2020-06-09 01:40:00
HY-2C,2020-10-21 00:34:00,2020-10-21 00:34:00
HY-2C,2020-11-18 06:19:00,2020-11-18 06:19:00
HY-2C,2021-03-12 03:01:00,2021-03-12 03:01:00
HY-2C,2021-05-11 01:56:00,2021-05-11 01:56:00
HY-2C,2021-06-11 07:00:00,2021-06-11 07:00:00
HY-2C,2021-09-02 10:15:00,2021-09-02 10:15:00
HY-2C,2021-10-14 01:40:00,2021-10-14 01:40:00
HY-2C,2022-01-05 06:43:00,2022-01-05 06:43:00
HY-2C,2022-02-22 02:07:00,2022-02-22 02:07:00
HY-2C,2022-04-14 07:55:00,2022-04-14 07:55:00
HY-2C,2022-05-24 09:33:00,2022-05-24 09:33:00
HY-2C,2022-07-08 11:35:00,2022-07-08 11:35:00
HY-2C,2022-09-20 04:07:00,2022-09-20 04:07:00
HY-2D,2021-06-18 10:19:00,2021-06-18 10:19:00
HY-2D,2021-07-21 04:18:00,2021-07-21 04:18:00
HY-2D,2021-10-26 04:42:00,2021-10-26 04:42:00
HY-2D,2022-01-14 10:00:00,2022-01-14 10:00:00
HY-2D,2022-03-18 07:03:00,2022-03-18 07:03:00
HY-2D,2022-04-19 12:16:00,2022-04-19 12:16:00
HY-2D,2022-05-08 07:23:00,2022-05-08 07:23:00
HY-2D,2022-06-30 22:40:00,2022-06-30 22:40:00
HY-2D,2022-07-19 02:45:00,2022-07-19 02:45:00
HY-2D,2022-08-16 08:30:00,2022-08-16 08:30:00
JASO1,2001-12-11 13:08:00,2001-12-11 15:57:00
JASO1,2001-12-13 21:17:00,2001-12-14 00:06:00
JASO1,2001-12-17 07:35:00,2001-12-17 10:31:00
JASO1,2001-12-20 06:45:00,2001-12-20 09:39:00
JASO1,2002-01-10 01:49:00,2002-01-10 04:40:00
JASO1,2002-01-13 01:03:00,2002-01-13 03:53:00
JASO1,2002-02-04 00:45:00,2002-02-04 03:34:00
JASO1,2002-03-05 18:40:00,2002-03-05 19:37:00
JASO1,2002-05-14 04:30:00,2002-05-14 05:27:00
JASO1,2002-07-02 18:23:00,2002-07-02 19:20:00
JASO1,2002-09-20 02:11:00,2002-09-20 03:08:00
JASO1,2002-10-29 18:05:00,2002-10-29 19:02:00
JASO1,2002-12-18 07:58:00,2002-12-18 08:55:00
JASO1,2003-02-15 19:49:00,2003-02-15 20:46:00
JASO1,2003-04-16 07:40:00,2003-04-16 08:37:00
JASO1,2003-04-26 05:39:00,2003-04-26 06:36:00
JASO1,2003-06-24 17:30:00,2003-06-24 18:27:00
JASO1,2003-10-01 21:15:00,2003-10-01 22:12:00
JASO1,2003-12-04 08:40:00,2003-12-04 09:37:00
JASO1,2004-01-09 01:00:00,2004-01-09 03:50:00
JASO1,2004-02-24 15:40:00,2004-02-24 18:30:00
JASO1,2004-03-18 10:50:00,2004-03-18 13:39:00
JASO1,2004-06-15 16:37:00,2004-06-15 19:26:00
JASO1,2004-08-04 06:29:00,2004-08-04 09:19:00
JASO1,2004-10-12 16:19:00,2004-10-12 19:08:00
JASO1,2005-01-19 20:04:00,2005-01-19 22:54:00
JASO1,2005-05-18 19:47:00,2005-05-18 22:36:00
JASO1,2005-10-04 15:26:00,2005-10-04 18:16:00
JASO1,2005-11-23 05:19:00,2005-11-23 08:08:00
JASO1,2005-12-22 23:14:00,2005-12-23 02:04:00
JASO1,2006-01-31 15:08:00,2006-01-31 17:58:00
JASO1,2006-02-20 11:06:00,2006-02-20 13:55:00
JASO1,2006-04-20 22:57:00,2006-04-21 01:46:00
JASO1,2006-06-29 08:46:00,2006-06-29 11:36:00
JASO1,2006-09-26 14:33:00,2006-09-26 17:23:00
JASO1,2006-12-14 22:21:00,2006-12-15 01:10:00
JASO1,2007-01-23 14:16:00,2007-01-23 17:05:00
JASO1,2007-02-22 08:11:00,2007-02-22 08:12:00
JASO1,2007-05-02 18:01:00,2007-05-02 20:50:00
JASO1,2007-08-19 19:45:00,2007-08-19 22:34:00
JASO1,2007-11-26 23:30:00,2007-11-27 02:19:00
JASO1,2007-12-26 17:26:00,2007-12-26 20:15:00
JASO1,2008-04-13 19:09:00,2008-04-13 21:59:00
JASO1,2008-04-23 17:08:00,2008-04-23 19:57:00
JASO1,2008-04-28 23:32:00,2008-04-29 02:21:00
JASO1,2008-07-31 20:53:00,2008-07-31 23:43:00
JASO1,2008-10-29 02:40:00,2008-10-29 05:29:00
JASO1,2008-12-17 16:33:00,2008-12-17 19:22:00
JASO1,2009-01-26 21:11:00,2009-01-27 00:06:00
JASO1,2009-01-27 21:30:00,2009-01-28 00:26:00
JASO1,2009-02-04 10:39:00,2009-02-04 13:34:00
JASO1,2009-02-06 03:49:00,2009-02-06 06:42:00
JASO1,2009-02-14 18:02:00,2009-02-14 20:46:00
JASO1,2009-02-19 21:45:00,2009-02-19 21:46:00
JASO1,2009-04-26 18:20:00,2009-04-26 18:21:00
JASO1,2009-06-25 07:20:00,2009-06-25 07:21:00
JASO1,2009-08-11 17:24:00,2009-08-11 17:25:00
JASO1,2009-12-02 01:59:00,2009-12-02 01:59:00
JASO1,2010-03-21 22:17:00,2010-03-21 22:18:00
JASO1,2010-06-24 01:38:00,2010-06-24 01:39:00
JASO1,2010-07-20 18:59:00,2010-07-20 21:56:00
JASO1,2010-07-21 18:24:00,2010-07-21 21:21:00
JASO1,2010-07-22 19:42:00,2010-07-22 22:39:00
JASO1,2010-07-25 17:58:00,2010-07-25 20:55:00
JASO1,2010-07-26 19:13:00,2010-07-26 22:03:00
JASO1,2010-07-27 18:41:00,2010-07-27 21:39:00
JASO1,2010-07-28 18:06:00,2010-07-28 21:04:00
JASO1,2010-08-02 21:47:00,2010-08-02 21:48:00
JASO1,2010-08-03 20:17:00,2010-08-03 20:18:00
JASO1,2010-08-04 20:39:00,2010-08-04 20:40:00
JASO1,2010-08-05 21:01:00,2010-08-05 21:02:00
JASO1,2010-08-06 21:23:00,2010-08-06 21:24:00
JASO1,2010-08-09 20:37:00,2010-08-09 20:37:00
JASO1,2010-10-12 05:13:00,2010-10-12 05:14:00
JASO1,2010-12-03 04:25:00,2010-12-03 04:26:00
JASO1,2010-12-14 05:24:00,2010-12-14 05:25:00
JASO1,2011-02-24 01:18:00,2011-02-24 01:20:00
JASO1,2011-02-28 02:45:00,2011-02-28 02:46:00
JASO1,2011-03-27 19:04:00,2011-03-27 19:04:00
JASO1,2011-04-11 00:00:00,2011-04-11 00:08:00
JASO1,2011-04-14 00:10:00,2011-04-14 00:15:00
JASO1,2011-05-05 00:15:00,2011-05-05 00:16:00
JASO1,2011-07-08 03:27:00,2011-07-08 03:28:00
JASO1,2011-09-04 23:29:00,2011-09-05 02:24:00
JASO1,2011-09-05 22:52:00,2011-09-06 01:52:00
JASO1,2011-09-07 22:42:00,2011-09-08 01:36:00
JASO1,2011-09-11 22:19:00,2011-09-11 22:20:00
JASO1,2011-09-19 21:29:00,2011-09-19 21:30:00
JASO1,2011-09-28 22:45:00,2011-09-29 01:40:00
JASO1,2011-09-29 23:04:00,2011-09-30 02:04:00
JASO1,2011-10-02 22:17:00,2011-10-03 01:16:00
JASO1,2011-10-03 23:35:00,2011-10-04 02:34:00
JASO1,2011-10-04 21:07:00,2011-10-05 00:07:00
JASO1,2011-10-05 21:29:00,2011-10-06 00:28:00
JASO1,2011-10-06 21:51:00,2011-10-07 00:50:00
JASO1,2011-10-09 21:03:00,2011-10-10 00:02:00
JASO1,2011-10-10 22:21:00,2011-10-11 01:20:00
JASO1,2011-10-11 22:42:00,2011-10-12 01:42:00
JASO1,2011-10-12 23:05:00,2011-10-13 02:02:00
JASO1,2011-10-13 21:35:00,2011-10-14 00:30:00
JASO1,2011-10-16 21:28:00,2011-10-17 02:01:00
JASO1,2011-10-17 21:53:00,2011-10-18 00:05:00
JASO1,2011-10-18 23:13:00,2011-10-18 23:14:00
JASO1,2011-11-20 22:20:00,2011-11-20 22:21:00
JASO1,2012-01-18 23:41:00,2012-01-18 23:42:00
JASO1,2012-04-25 19:33:00,2012-04-25 22:32:00
JASO1,2012-04-26 19:54:00,2012-04-26 22:53:00
JASO1,2012-04-29 19:00:00,2012-04-29 21:59:00
JASO1,2012-05-01 19:41:00,2012-05-01 19:47:00
JASO1,2012-05-02 03:10:00,2012-05-02 03:16:00
JASO1,2012-05-02 20:01:00,2012-05-02 20:05:00
JASO1,2012-06-05 21:27:00,2012-06-05 21:27:00
JASO1,2012-07-09 00:19:00,2012-07-09 00:20:00
JASO1,2012-08-10 01:36:00,2012-08-10 01:37:00
JASO1,2012-10-02 23:57:00,2012-10-02 23:58:00
JASO1,2012-11-26 00:14:00,2012-11-26 00:15:00
JASO1,2013-02-13 21:53:00,2013-02-13 21:53:00
JASO1,2013-04-03 22:34:00,2013-04-03 22:35:00
JASO1,2013-06-13 22:32:00,2013-06-13 22:33:00
JASO2,2008-06-23 01:31:00,2008-06-23 04:20:00
JASO2,2008-06-25 02:08:00,2008-06-25 04:58:00
JASO2,2008-06-28 02:11:00,2008-06-28 05:03:00
JASO2,2008-06-30 18:59:00,2008-06-30 21:53:00
JASO2,2008-07-04 03:49:00,2008-07-04 06:45:00
JASO2,2008-07-04 22:32:00,2008-07-05 01:21:00
JASO2,2008-07-08 03:12:00,2008-07-08 03:12:00
JASO2,2008-08-27 16:45:00,2008-08-27 16:45:00
JASO2,2008-12-18 23:47:00,2008-12-18 23:47:00
JASO2,2009-05-05 06:27:00,2009-05-05 06:27:00
JASO2,2009-08-23 21:13:00,2009-08-23 21:13:00
JASO2,2009-12-17 15:56:00,2009-12-17 15:56:00
JASO2,2010-04-15 15:38:00,2010-04-15 15:38:00
JASO2,2010-07-25 22:03:00,2010-07-25 22:03:00
JASO2,2010-11-05 01:00:00,2010-11-05 01:00:00
JASO2,2011-02-28 21:42:00,2011-02-28 21:42:00
JASO2,2011-05-26 08:05:00,2011-05-26 08:05:00
JASO2,2011-08-28 10:00:00,2011-08-28 10:00:00
JASO2,2011-10-28 00:07:00,2011-10-28 00:07:00
JASO2,2011-12-16 03:18:00,2011-12-16 03:18:00
JASO2,2012-03-08 19:29:00,2012-03-08 19:30:00
JASO2,2012-05-21 08:42:00,2012-05-21 08:42:00
JASO2,2012-08-01 04:14:00,2012-08-01 04:14:00
JASO2,2012-10-22 19:24:00,2012-10-22 19:24:00
JASO2,2012-12-19 17:22:00,2012-12-19 17:22:00
JASO2,2013-03-07 17:21:00,2013-03-07 17:21:00
JASO2,2013-05-16 01:15:00,2013-05-16 01:15:00
JASO2,2013-08-11 17:58:00,2013-08-11 17:58:00
JASO2,2013-10-28 21:24:00,2013-10-28 21:24:00
JASO2,2013-12-18 05:54:00,2013-12-18 05:54:00
JASO2,2014-02-27 16:28:00,2014-02-27 16:28:00
JASO2,2014-04-25 08:57:00,2014-04-25 08:57:00
JASO2,2014-05-25 23:25:00,2014-05-25 23:25:00
JASO2,2014-07-10 11:48:00,2014-07-10 11:48:00
JASO2,2014-10-16 19:00:00,2014-10-16 19:00:00
JASO2,2014-12-10 05:01:00,2014-12-10 05:01:00
JASO2,2015-03-05 11:13:00,2015-03-05 11:13:00
JASO2,2015-05-19 21:22:00,2015-05-19 21:22:00
JASO2,2015-09-06 21:33:00,2015-09-06 21:33:00
JASO2,2015-11-18 21:49:00,2015-11-19 01:34:00
JASO2,2016-01-21 03:45:00,2016-01-21 03:45:00
JASO2,2016-04-26 21:02:00,2016-04-26 21:02:00
JASO2,2016-08-31 21:48:00,2016-08-31 21:48:00
JASO2,2016-10-02 13:32:00,2016-10-02 16:28:00
JASO2,2016-10-03 15:45:00,2016-10-03 18:40:00
JASO2,2016-10-11 05:01:00,2016-10-11 07:57:00
JASO2,2016-10-13 04:33:00,2016-10-13 07:29:00
JASO2,2016-10-14 10:28:00,2016-10-14 10:28:00
JASO2,2016-11-03 06:26:00,2016-11-03 06:26:00
JASO2,2017-01-29 23:14:00,2017-01-29 23:14:00
JASO2,2017-03-30 13:10:00,2017-03-30 13:10:00
JASO2,2017-06-28 05:47:00,2017-06-28 05:47:00
JASO2,2017-07-03 20:42:00,2017-07-03 21:42:00
JASO2,2017-07-04 15:26:00,2017-07-04 16:26:00
JASO2,2017-07-05 15:43:00,2017-07-05 16:47:00
JASO2,2017-07-06 16:00:00,2017-07-06 17:04:00
JASO2,2017-07-10 04:27:00,2017-07-10 04:27:00
JASO2,2017-10-13 02:02:00,2017-10-13 02:02:00
JASO2,2017-11-06 02:16:00,2017-11-06 02:16:00
JASO2,2018-02-05 00:55:00,2018-02-05 06:40:00
JASO2,2018-03-02 04:21:00,2018-03-02 04:21:00
JASO2,2018-04-06 00:55:00,2018-04-06 06:40:00
JASO2,2018-04-08 23:45:00,2018-04-09 05:30:00
JASO2,2018-04-10 02:02:00,2018-04-10 02:03:00
JASO2,2018-04-10 22:21:00,2018-04-11 05:58:00
JASO2,2018-04-11 22:35:00,2018-04-12 04:20:00
JASO2,2018-04-13 04:24:00,2018-04-13 04:25:00
JASO2,2018-04-16 21:53:00,2018-04-17 03:38:00
JASO2,2018-04-17 22:07:00,2018-04-18 03:52:00
JASO2,2018-04-19 02:03:00,2018-04-19 02:03:00
JASO2,2018-04-22 21:27:00,2018-04-23 03:08:00
JASO2,2018-06-19 20:58:00,2018-06-19 20:58:00
JASO2,2018-07-16 02:34:00,2018-07-16 02:35:00
JASO2,2018-07-18 08:37:00,2018-07-18 08:38:00
JASO2,2018-08-08 17:24:00,2018-08-08 17:24:00
JASO2,2018-09-25 00:54:00,2018-09-25 06:40:00
JASO2,2018-09-26 01:08:00,2018-09-26 06:54:00
JASO2,2018-09-27 01:25:00,2018-09-27 01:25:00
JASO2,2018-10-01 00:27:00,2018-10-01 06:12:00
JASO2,2018-10-01 22:49:00,2018-10-02 06:25:00
JASO2,2018-12-18 20:09:00,2018-12-18 20:10:00
JASO2,2019-05-22 19:58:00,2019-05-22 20:03:00
JASO2,2019-05-28 02:46:00,2019-05-28 02:51:00
JASO2,2019-06-04 06:56:00,2019-06-04 06:57:00
JASO2,2019-07-31 03:48:00,2019-07-31 03:49:00
JASO2,2019-09-10 20:51:00,2019-09-11 00:46:00
JASO2,2019-09-11 21:05:00,2019-09-12 00:59:00
JASO2,2019-09-13 01:13:00,2019-09-13 01:14:00
JASO2,2019-09-15 22:08:00,2019-09-16 02:03:00
JASO2,2019-09-16 20:33:00,2019-09-17 00:23:00
JASO2,2019-09-17 20:49:00,2019-09-18 00:35:00
JASO2,2019-09-18 21:03:00,2019-09-19 00:49:00
JASO2,2019-09-19 21:17:00,2019-09-20 01:03:00
JASO2,2019-09-22 20:07:00,2019-09-22 23:53:00
JASO2,2019-09-23 20:21:00,2019-09-24 00:07:00
JASO2,2019-09-24 18:43:00,2019-09-24 22:29:00
JASO2,2019-09-25 02:10:00,2019-09-25 05:57:00
JASO2,2019-09-25 18:57:00,2019-09-25 22:43:00
JASO2,2019-09-26 02:24:00,2019-09-26 06:11:00
JASO2,2019-09-26 19:11:00,2019-09-26 22:57:00
JASO2,2019-09-27 02:38:00,2019-09-27 06:25:00
JASO2,2019-09-29 18:01:00,2019-09-29 21:47:00
JASO2,2019-09-30 01:28:00,2019-09-30 05:15:00
JASO2,2019-09-30 18:15:00,2019-09-30 22:01:00
JASO2,2019-10-01 01:42:00,2019-10-01 05:29:00
JASO2,2019-10-01 18:29:00,2019-10-01 22:15:00
JASO2,2019-10-02 01:56:00,2019-10-02 05:43:00
JASO2,2019-10-02 18:43:00,2019-10-02 22:29:00
JASO2,2019-10-03 02:10:00,2019-10-03 05:57:00
JASO2,2019-10-03 18:57:00,2019-10-03 22:43:00
JASO2,2019-10-04 02:24:00,2019-10-04 06:11:00
JASO3,2016-01-19 22:18:00,2016-01-20 01:06:00
JASO3,2016-01-21 22:39:00,2016-01-22 01:28:00
JASO3,2016-01-28 22:45:00,2016-01-29 02:05:00
JASO3,2016-01-31 21:38:00,2016-02-01 00:32:00
JASO3,2016-02-02 03:35:00,2016-02-02 06:30:00
JASO3,2016-02-03 20:53:00,2016-02-03 23:46:00
JASO3,2016-02-04 21:04:00,2016-02-04 23:54:00
JASO3,2016-02-07 22:35:00,2016-02-08 01:31:00
JASO3,2016-02-09 23:25:00,2016-02-10 02:14:00
JASO3,2016-02-11 22:19:00,2016-02-12 01:08:00
JASO3,2016-02-23 02:46:00,2016-02-23 02:46:00
JASO3,2016-04-04 01:49:00,2016-04-04 01:49:00
JASO3,2016-05-19 20:02:00,2016-05-19 20:02:00
JASO3,2016-07-25 02:50:00,2016-07-25 02:50:00
JASO3,2016-09-14 20:52:00,2016-09-14 20:52:00
JASO3,2016-12-22 21:13:00,2016-12-22 21:13:00
JASO3,2017-04-12 23:41:00,2017-04-12 23:42:00
JASO3,2017-09-06 16:34:00,2017-09-06 16:34:00
JASO3,2017-12-12 19:36:00,2017-12-12 19:36:00
JASO3,2018-04-04 00:21:00,2018-04-04 00:21:00
JASO3,2018-08-19 17:35:00,2018-08-19 17:35:00
JASO3,2018-12-18 17:59:00,2018-12-18 17:59:00
JASO3,2019-04-14 20:33:00,2019-04-14 20:33:00
JASO3,2019-06-16 19:47:00,2019-06-16 19:47:00
JASO3,2019-08-06 18:50:00,2019-08-06 18:50:00
JASO3,2019-12-03 15:26:00,2019-12-03 15:26:00
JASO3,2020-03-12 00:10:00,2020-03-12 00:10:00
JASO3,2020-07-23 21:24:00,2020-07-23 21:25:00
JASO3,2020-10-29 20:13:00,2020-10-29 20:14:00
JASO3,2021-02-04 00:43:00,2021-02-04 00:44:00
JASO3,2021-05-05 18:07:00,2021-05-05 18:07:00
JASO3,2021-07-22 15:51:00,2021-07-22 15:52:00
JASO3,2021-11-07 22:57:00,2021-11-07 22:58:00
JASO3,2022-02-15 21:20:00,2022-02-15 21:21:00
JASO3,2022-04-07 19:38:00,2022-04-07 22:36:00
JASO3,2022-04-11 20:15:00,2022-04-11 23:13:00
JASO3,2022-04-17 22:06:00,2022-04-18 01:04:00
JASO3,2022-04-19 21:03:00,2022-04-20 00:01:00
JASO3,2022-04-21 19:59:00,2022-04-21 22:50:00
JASO3,2022-04-24 19:13:00,2022-04-24 19:14:00
JASO3,2022-06-06 08:13:00,2022-06-06 08:14:00
JASO3,2022-08-21 22:36:00,2022-08-21 22:36:00
JASO3,2022-10-10 19:45:00,2022-10-10 19:46:00
SARAL,2013-02-27 13:14:00,2013-02-27 13:19:00
SARAL,2013-02-27 14:58:00,2013-02-27 15:04:00
SARAL,2013-03-01 15:51:00,2013-03-01 15:53:00
SARAL,2013-03-02 06:03:00,2013-03-02 06:05:00
SARAL,2013-03-03 02:10:00,2013-03-03 02:12:00
SARAL,2013-03-05 01:05:00,2013-03-05 01:06:00
SARAL,2013-03-13 00:03:00,2013-03-13 00:04:00
SARAL,2013-03-23 12:14:00,2013-03-23 12:14:00
SARAL,2013-04-13 12:54:00,2013-04-13 12:54:00
SARAL,2013-05-15 12:48:00,2013-05-15 12:48:00
SARAL,2013-06-07 12:25:00,2013-06-07 12:25:00
SARAL,2013-06-24 13:31:00,2013-06-24 13:31:00
SARAL,2013-07-14 14:42:00,2013-07-14 14:42:00
SARAL,2013-07-29 00:54:00,2013-07-29 00:58:00
SARAL,2013-07-31 14:08:00,2013-07-31 14:08:00
SARAL,2013-08-07 13:48:00,2013-08-07 13:48:00
SARAL,2013-08-26 13:51:00,2013-08-26 13:51:00
SARAL,2013-10-03 13:56:00,2013-10-03 13:57:00
SARAL,2013-10-07 13:30:00,2013-10-07 13:32:00
SARAL,2013-10-09 14:08:00,2013-10-09 14:08:00
SARAL,2013-10-28 14:11:00,2013-10-28 14:11:00
SARAL,2013-11-07 13:57:00,2013-11-07 13:57:00
SARAL,2013-11-25 14:31:00,2013-11-25 14:31:00
SARAL,2013-12-12 13:56:00,2013-12-12 13:57:00
SARAL,2013-12-27 14:25:00,2013-12-27 14:25:00
SARAL,2014-01-28 12:39:00,2014-01-28 12:39:00
SARAL,2014-03-03 14:51:00,2014-03-03 14:51:00
SARAL,2014-03-26 12:47:00,2014-03-26 12:47:00
SARAL,2014-04-18 12:24:00,2014-04-18 12:24:00
SARAL,2014-05-19 14:31:00,2014-05-19 14:31:00
SARAL,2014-07-09 12:47:00,2014-07-09 12:47:00
SARAL,2014-08-13 12:47:00,2014-08-13 12:47:00
SARAL,2014-09-12 13:45:00,2014-09-12 13:45:00
SARAL,2014-10-06 12:40:00,2014-10-06 12:40:00
SARAL,2014-10-10 12:14:00,2014-10-10 12:15:00
SARAL,2014-10-16 12:27:00,2014-10-16 12:27:00
SARAL,2014-11-04 12:27:00,2014-11-04 12:27:00
SARAL,2014-11-21 13:39:00,2014-11-21 13:39:00
SARAL,2014-12-10 13:47:00,2014-12-10 13:47:00
SARAL,2014-12-26 13:44:00,2014-12-26 13:44:00
SARAL,2015-01-22 14:31:00,2015-01-22 14:31:00
SARAL,2015-02-21 13:48:00,2015-02-21 13:48:00
SARAL,2015-03-31 13:50:00,2015-03-31 13:50:00
SARAL,2015-04-09 12:28:00,2015-04-09 12:28:00
SARAL,2015-05-26 10:01:00,2015-05-26 10:02:00
SARAL,2015-05-26 12:51:00,2015-05-26 12:51:00
SARAL,2015-06-16 13:23:00,2015-06-16 13:42:00
SARAL,2015-07-08 13:32:00,2015-07-08 13:50:00
SARAL,2015-08-11 12:24:00,2015-08-11 12:43:00
SARAL,2015-08-24 12:15:00,2015-08-24 12:34:00
SARAL,2015-10-21 13:33:00,2015-10-21 13:52:00
SARAL,2015-11-12 13:41:00,2015-11-12 13:57:00
SARAL,2015-11-26 13:08:00,2015-11-26 13:24:00
SARAL,2016-01-07 14:28:00,2016-01-07 14:44:00
SARAL,2016-03-18 15:08:00,2016-03-18 15:25:00
SARAL,2016-04-07 13:18:00,2016-04-07 13:34:00
SARAL,2016-07-04 12:13:00,2016-07-04 12:31:00
SARAL,2017-12-02 12:32:00,2017-12-02 12:48:00
SARAL,2019-06-01 13:29:00,2019-06-01 13:46:00
SARAL,2021-11-20 12:18:00,2021-11-20 12:18:00
SARAL,2022-04-18 11:08:00,2022-04-18 11:28:00
SARAL,2022-09-21 11:46:00,2022-09-21 11:46:00
SEN3A,2016-02-22 09:30:00,2016-02-22 12:11:00
SEN3A,2016-02-23 10:45:00,2016-02-23 13:24:00
SEN3A,2016-02-24 19:29:00,2016-02-24 19:32:00
SEN3A,2016-02-26 09:27:00,2016-02-26 12:08:00
SEN3A,2016-03-02 12:59:00,2016-03-02 15:33:00
SEN3A,2016-03-07 12:21:00,2016-03-07 12:22:00
SEN3A,2016-03-21 11:16:00,2016-03-21 11:20:00
SEN3A,2016-03-23 13:27:00,2016-03-23 13:27:00
SEN3A,2016-04-13 09:11:00,2016-04-13 10:52:00
SEN3A,2016-04-19 12:03:00,2016-04-19 12:10:00
SEN3A,2016-06-02 11:14:00,2016-06-02 11:14:00
SEN3A,2016-07-21 12:45:00,2016-07-21 12:45:00
SEN3A,2016-08-31 07:25:00,2016-08-31 07:34:00
SEN3A,2016-09-22 07:59:00,2016-09-22 07:59:00
SEN3A,2016-11-01 12:05:00,2016-11-01 12:05:00
SEN3A,2016-12-01 08:00:00,2016-12-01 08:00:00
SEN3A,2016-12-14 08:46:00,2016-12-14 08:58:00
SEN3A,2017-02-23 09:40:00,2017-02-23 09:40:00
SEN3A,2017-03-15 07:42:00,2017-03-15 07:54:00
SEN3A,2017-04-27 10:58:00,2017-04-27 10:58:00
SEN3A,2017-05-23 14:35:00,2017-05-23 14:35:00
SEN3A,2017-07-12 09:45:00,2017-07-12 09:45:00
SEN3A,2017-09-06 10:26:00,2017-09-06 10:39:00
SEN3A,2017-09-27 08:08:00,2017-09-27 08:08:00
SEN3A,2017-11-29 09:20:00,2017-11-29 09:20:00
SEN3A,2017-12-13 08:09:00,2017-12-13 08:20:00
SEN3A,2018-02-28 10:05:00,2018-02-28 10:05:00
SEN3A,2018-03-14 08:46:00,2018-03-14 08:59:00
SEN3A,2018-05-24 08:12:00,2018-05-24 08:12:00
SEN3A,2018-08-01 08:15:00,2018-08-01 08:15:00
SEN3A,2018-08-29 07:48:00,2018-08-29 08:01:00
SEN3A,2018-11-28 13:45:00,2018-11-28 13:45:00
SEN3A,2018-12-19 09:31:00,2018-12-19 09:43:00
SEN3A,2019-02-27 09:15:00,2019-02-27 09:15:00
SEN3A,2019-03-13 08:08:00,2019-03-13 08:22:00
SEN3A,2019-06-13 08:23:00,2019-06-13 08:23:00
SEN3A,2019-08-28 12:12:00,2019-08-28 12:25:00
SEN3A,2019-11-27 08:05:00,2019-11-27 08:05:00
SEN3A,2019-12-11 11:57:00,2019-12-11 12:11:00
SEN3A,2020-03-11 09:11:00,2020-03-11 09:26:00
SEN3A,2020-06-17 10:13:00,2020-06-17 10:13:00
SEN3A,2020-09-02 08:34:00,2020-09-02 08:47:00
SEN3A,2020-12-02 07:47:00,2020-12-02 07:47:00
SEN3A,2020-12-16 11:39:00,2020-12-16 11:55:00
SEN3A,2021-01-27 08:23:00,2021-01-27 08:23:00
SEN3A,2021-03-17 07:11:00,2021-03-17 07:26:00
SEN3A,2021-06-01 09:30:00,2021-06-01 09:30:00
SEN3A,2021-08-10 09:15:00,2021-08-10 09:15:00
SEN3A,2021-09-08 06:33:00,2021-09-08 06:48:00
SEN3A,2021-11-04 07:10:00,2021-11-04 07:10:00
SEN3A,2021-11-30 02:42:00,2021-11-30 02:42:00
SEN3A,2021-12-03 02:55:00,2021-12-03 02:56:00
SEN3A,2021-12-07 03:00:00,2021-12-07 03:01:00
SEN3A,2021-12-15 07:39:00,2021-12-15 07:53:00
SEN3A,2022-01-07 00:09:00,2022-01-07 02:12:00
SEN3A,2022-01-19 07:30:00,2022-01-19 07:30:00
SEN3A,2022-02-23 07:38:00,2022-02-23 07:38:00
SEN3A,2022-03-13 14:37:00,2022-03-13 14:52:00
SEN3A,2022-04-13 07:56:00,2022-04-13 07:56:00
SEN3A,2022-05-18 06:08:00,2022-05-18 06:08:00
SEN3A,2022-06-14 09:30:00,2022-06-14 09:30:00
SEN3A,2022-07-21 06:41:00,2022-07-21 06:41:00
SEN3A,2022-08-25 08:13:00,2022-08-25 08:28:00
SEN3A,2022-10-06 07:00:00,2022-10-06 07:00:00
SEN3B,2018-04-30 09:20:00,2018-04-30 11:44:00
SEN3B,2018-05-01 11:19:00,2018-05-01 13:57:00
SEN3B,2018-05-02 15:08:00,2018-05-02 15:17:00
SEN3B,2018-05-04 10:36:00,2018-05-04 10:37:00
SEN3B,2018-05-08 09:25:00,2018-05-08 11:19:00
SEN3B,2018-05-10 11:31:00,2018-05-10 11:40:00
SEN3B,2018-05-24 13:02:00,2018-05-24 13:13:00
SEN3B,2018-05-29 05:04:00,2018-05-29 05:15:00
SEN3B,2018-05-30 13:06:00,2018-05-30 13:14:00
SEN3B,2018-06-05 04:32:00,2018-06-05 06:17:00
SEN3B,2018-06-06 14:31:00,2018-06-06 14:32:00
SEN3B,2018-08-10 07:31:00,2018-08-10 07:31:00
SEN3B,2018-08-23 04:21:00,2018-08-23 06:02:00
SEN3B,2018-08-30 09:03:00,2018-08-30 09:15:00
SEN3B,2018-10-15 03:00:00,2018-10-15 03:01:00
SEN3B,2018-10-16 10:45:00,2018-10-16 10:49:00
SEN3B,2018-10-24 09:07:00,2018-10-24 09:17:00
SEN3B,2018-10-29 15:14:00,2018-10-29 15:14:00
SEN3B,2018-11-04 10:38:00,2018-11-04 12:19:00
SEN3B,2018-11-20 13:06:00,2018-11-20 14:59:00
SEN3B,2018-11-20 16:28:00,2018-11-20 16:40:00
SEN3B,2018-11-22 20:04:00,2018-11-22 20:07:00
SEN3B,2018-11-23 20:23:00,2018-11-23 20:27:00
SEN3B,2018-11-27 08:32:00,2018-11-27 08:33:00
SEN3B,2018-12-12 13:36:00,2018-12-12 13:45:00
SEN3B,2019-02-13 09:38:00,2019-02-13 09:48:00
SEN3B,2019-06-05 07:50:00,2019-06-05 07:50:00
SEN3B,2019-06-19 06:46:00,2019-06-19 06:55:00
SEN3B,2019-08-28 09:57:00,2019-08-28 09:57:00
SEN3B,2019-10-10 17:44:00,2019-10-10 19:26:00
SEN3B,2019-10-16 07:02:00,2019-10-16 07:16:00
SEN3B,2019-12-18 08:23:00,2019-12-18 08:23:00
SEN3B,2020-02-05 08:42:00,2020-02-05 08:54:00
SEN3B,2020-04-08 11:29:00,2020-04-08 11:40:00
SEN3B,2020-05-27 07:04:00,2020-05-27 07:04:00
SEN3B,2020-07-29 08:03:00,2020-07-29 08:03:00
SEN3B,2020-10-07 09:28:00,2020-10-07 09:42:00
SEN3B,2020-12-16 07:54:00,2020-12-16 07:54:00
SEN3B,2021-01-13 08:50:00,2021-01-13 08:50:00
SEN3B,2021-02-03 08:05:00,2021-02-03 08:18:00
SEN3B,2021-04-14 11:07:00,2021-04-14 11:21:00
SEN3B,2021-05-19 09:30:00,2021-05-19 09:30:00
SEN3B,2021-07-21 07:10:00,2021-07-21 07:10:00
SEN3B,2021-09-29 08:40:00,2021-09-29 08:40:00
SEN3B,2021-10-20 12:51:00,2021-10-20 13:05:00
SEN3B,2021-12-01 08:20:00,2021-12-01 08:20:00
SEN3B,2022-01-12 08:23:00,2022-01-12 08:23:00
SEN3B,2022-02-02 07:28:00,2022-02-02 07:41:00
SEN3B,2022-03-16 07:44:00,2022-03-16 07:44:00
SEN3B,2022-04-06 08:31:00,2022-04-06 08:45:00
SEN3B,2022-04-27 09:30:00,2022-04-27 09:30:00
SEN3B,2022-05-24 07:50:00,2022-05-24 07:50:00
SEN3B,2022-06-29 08:53:00,2022-06-29 08:53:00
SEN3B,2022-08-09 08:00:00,2022-08-09 08:00:00
SEN3B,2022-09-21 07:45:00,2022-09-21 07:45:00
SEN3B,2022-10-06 07:47:00,2022-10-06 08:02:00
SEN6A,2020-11-23 02:38:00,2020-11-23 02:38:00
SEN6A,2020-11-23 09:50:00,2020-11-23 09:58:00
SEN6A,2020-11-24 01:38:00,2020-11-24 01:42:00
SEN6A,2020-11-27 05:22:00,2020-11-27 05:25:00
SEN6A,2020-12-10 05:01:00,2020-12-10 05:08:00
SEN6A,2020-12-14 05:15:00,2020-12-14 05:24:00
SEN6A,2020-12-16 06:27:00,2020-12-16 06:28:00
SEN6A,2020-12-18 00:38:00,2020-12-18 00:39:00
SEN6A,2021-02-18 01:45:00,2021-02-18 01:45:00
SEN6A,2021-04-27 07:42:00,2021-04-27 07:50:00
SEN6A,2021-04-27 08:10:00,2021-04-27 08:10:00
SEN6A,2021-04-29 00:55:00,2021-04-29 00:55:00
SEN6A,2021-04-30 10:39:00,2021-04-30 10:39:00
SEN6A,2021-08-16 00:21:00,2021-08-16 00:21:00
SEN6A,2021-11-25 03:00:00,2021-11-25 03:00:00
SEN6A,2022-03-08 03:00:00,2022-03-08 03:00:00
SEN6A,2022-06-22 07:30:00,2022-06-22 07:30:00
SEN6A,2022-10-13 06:50:00,2022-10-13 06:50:00
SPOT2,1992-09-02 23:48:00,1992-09-03 00:42:00
SPOT2,1992-10-08 23:56:00,1992-10-09 00:50:00
SPOT2,1992-11-19 23:48:00,1992-11-20 00:42:00
SPOT2,1992-12-23 00:54:00,1992-12-23 01:48:00
SPOT2,1993-02-25 00:23:00,1993-02-25 01:17:00
SPOT2,1993-04-08 00:15:00,1993-04-08 01:09:00
SPOT2,1993-06-22 01:13:00,1993-06-22 02:07:00
SPOT2,1993-08-10 00:30:00,1993-08-10 01:24:00
SPOT2,1993-11-02 23:54:00,1993-11-03 00:48:00
SPOT2,1993-12-09 12:40:00,1993-12-09 12:58:00
SPOT2,1993-12-14 00:05:00,1993-12-14 00:59:00
SPOT2,1993-12-22 00:52:00,1993-12-22 01:46:00
SPOT2,1994-01-12 00:48:00,1994-01-12 01:42:00
SPOT2,1994-03-02 23:46:00,1994-03-03 00:40:00
SPOT2,1994-05-05 01:16:00,1994-05-05 02:09:00
SPOT2,1994-06-29 00:17:00,1994-06-29 01:11:00
SPOT2,1994-11-17 00:05:00,1994-11-17 01:01:00
SPOT2,1995-02-08 12:53:00,1995-02-08 13:04:00
SPOT2,1995-02-10 01:10:00,1995-02-10 02:07:00
SPOT2,1995-03-01 23:44:00,1995-03-02 00:41:00
SPOT2,1995-06-02 00:16:00,1995-06-02 01:13:00
SPOT2,1995-08-24 00:21:00,1995-08-24 01:18:00
SPOT2,1995-11-23 01:12:00,1995-11-23 02:09:00
SPOT2,1996-04-30 00:12:00,1996-04-30 01:09:00
SPOT2,1996-09-05 00:50:00,1996-09-05 01:47:00
SPOT2,1996-09-21 00:42:00,1996-09-21 01:39:00
SPOT2,1996-11-08 00:19:00,1996-11-08 01:16:00
SPOT2,1997-04-29 23:53:00,1997-04-30 00:50:00
SPOT2,1997-07-03 00:40:00,1997-07-03 01:31:00
SPOT2,1997-07-23 20:00:00,1997-07-23 20:52:00
SPOT2,1997-07-24 19:30:00,1997-07-24 20:21:00
SPOT2,1997-08-04 14:00:00,1997-08-04 14:51:00
SPOT2,1997-10-31 00:32:00,1997-10-31 01:23:00
SPOT2,1997-12-21 00:51:00,1997-12-21 01:42:00
SPOT2,1998-04-28 12:48:00,1998-04-28 13:15:00
SPOT2,1998-06-28 00:16:00,1998-06-28 01:07:00
SPOT2,1998-08-19 23:57:00,1998-08-20 00:48:00
SPOT2,1998-10-03 00:52:00,1998-10-03 01:43:00
SPOT2,1998-11-21 23:50:00,1998-11-22 00:41:00
SPOT2,1999-01-28 00:16:00,1999-01-28 01:07:00
SPOT2,1999-03-20 00:22:00,1999-03-20 01:13:00
SPOT2,1999-05-11 00:22:00,1999-05-11 01:13:00
SPOT2,1999-06-21 00:42:00,1999-06-21 01:33:00
SPOT2,1999-08-20 01:20:00,1999-08-20 02:11:00
SPOT2,1999-10-16 01:24:00,1999-10-16 02:15:00
SPOT2,1999-11-14 00:25:00,1999-11-14 01:16:00
SPOT2,1999-12-04 00:41:00,1999-12-04 01:32:00
SPOT2,2000-01-25 00:40:00,2000-01-25 01:31:00
SPOT2,2000-03-06 00:51:00,2000-03-06 01:42:00
SPOT2,2000-04-05 01:14:00,2000-04-05 02:05:00
SPOT2,2000-05-10 12:57:00,2000-05-10 13:29:00
SPOT2,2000-05-12 01:02:00,2000-05-12 01:53:00
SPOT2,2000-05-22 01:10:00,2000-05-22 02:01:00
SPOT2,2000-05-30 00:15:00,2000-05-30 01:07:00
SPOT2,2000-07-01 00:00:00,2000-07-01 00:51:00
SPOT2,2000-07-29 01:03:00,2000-07-29 01:54:00
SPOT2,2000-09-08 01:15:00,2000-09-08 02:06:00
SPOT2,2000-10-22 00:29:00,2000-10-22 01:20:00
SPOT2,2000-11-17 00:29:00,2000-11-17 01:20:00
SPOT2,2000-12-18 00:33:00,2000-12-18 01:24:00
SPOT2,2001-01-19 23:58:00,2001-01-20 00:49:00
SPOT2,2001-03-07 00:14:00,2001-03-07 01:05:00
SPOT2,2001-04-04 01:16:00,2001-04-04 02:07:00
SPOT2,2001-05-14 00:06:00,2001-05-14 00:57:00
SPOT2,2001-07-03 00:45:00,2001-07-03 01:36:00
SPOT2,2001-08-31 00:09:00,2001-08-31 01:00:00
SPOT2,2001-10-06 00:17:00,2001-10-06 01:08:00
SPOT2,2001-11-01 00:16:00,2001-11-01 01:08:00
SPOT2,2001-11-22 00:12:00,2001-11-22 01:04:00
SPOT2,2001-12-13 13:09:00,2001-12-13 13:35:00
SPOT2,2001-12-16 02:16:00,2001-12-16 03:07:00
SPOT2,2002-01-04 01:26:00,2002-01-04 02:18:00
SPOT2,2002-01-26 01:03:00,2002-01-26 01:54:00
SPOT2,2002-02-20 01:23:00,2002-02-20 02:14:00
SPOT2,2002-03-21 00:25:00,2002-03-21 01:16:00
SPOT2,2002-04-29 01:15:00,2002-04-29 02:07:00
SPOT2,2002-06-07 00:25:00,2002-06-07 01:16:00
SPOT2,2002-08-02 00:48:00,2002-08-02 01:40:00
SPOT2,2002-09-18 00:45:00,2002-09-18 01:36:00
SPOT2,2002-10-31 23:58:00,2002-11-01 00:49:00
SPOT2,2002-12-11 00:29:00,2002-12-11 01:20:00
SPOT2,2003-01-20 01:00:00,2003-01-20 01:51:00
SPOT2,2003-03-24 00:47:00,2003-03-24 01:38:00
SPOT2,2003-05-07 00:00:00,2003-05-07 00:51:00
SPOT2,2003-05-22 13:12:00,2003-05-22 13:39:00
SPOT2,2003-05-25 00:54:00,2003-05-25 01:46:00
SPOT2,2003-06-21 00:35:00,2003-06-21 01:26:00
SPOT2,2003-08-20 01:22:00,2003-08-20 02:13:00
SPOT2,2003-11-06 01:23:00,2003-11-06 02:14:00
SPOT2,2003-11-22 01:15:00,2003-11-22 02:06:00
SPOT2,2003-12-29 01:03:00,2003-12-29 01:54:00
SPOT2,2004-05-06 01:22:00,2004-05-06 02:13:00
SPOT2,2004-06-26 00:00:00,2004-06-26 00:51:00
SPOT2,2004-08-16 23:59:00,2004-08-17 00:50:00
SPOT2,2004-09-16 00:22:00,2004-09-16 01:14:00
SPOT2,2004-11-18 23:50:00,2004-11-19 00:41:00
SPOT2,2005-02-10 12:52:00,2005-02-10 13:21:00
SPOT2,2005-02-13 00:35:00,2005-02-13 01:27:00
SPOT2,2005-03-08 12:53:00,2005-03-08 13:20:00
SPOT2,2005-03-12 00:16:00,2005-03-12 01:07:00
SPOT2,2005-06-13 00:30:00,2005-06-13 01:21:00
SPOT2,2005-09-02 01:14:00,2005-09-02 02:05:00
SPOT2,2006-01-23 00:25:00,2006-01-23 01:16:00
SPOT2,2006-03-14 01:05:00,2006-03-14 01:56:00
SPOT2,2006-05-13 00:10:00,2006-05-13 01:01:00
SPOT2,2006-07-30 00:10:00,2006-07-30 01:01:00
SPOT2,2006-09-23 00:53:00,2006-09-23 01:44:00
SPOT2,2006-10-18 01:13:00,2006-10-18 02:04:00
SPOT2,2006-12-20 01:00:00,2006-12-20 01:51:00
SPOT2,2007-02-05 00:56:00,2007-02-05 01:47:00
SPOT2,2007-05-27 00:20:00,2007-05-27 01:11:00
SPOT2,2007-09-19 00:06:00,2007-09-19 00:57:00
SPOT2,2008-04-13 00:21:00,2008-04-13 01:12:00
SPOT2,2008-04-28 00:32:00,2008-04-28 01:23:00
SPOT2,2008-10-29 12:46:00,2008-10-29 13:15:00
SPOT2,2008-11-01 12:20:00,2008-11-01 13:11:00
SPOT2,2008-12-11 01:00:00,2008-12-11 01:51:00
SPOT2,2009-03-23 23:36:00,2009-03-24 00:27:00
SPOT2,2009-05-19 11:20:00,2009-05-19 12:11:00
SPOT2,2009-07-16 11:15:00,2009-07-16 12:16:00
SPOT2,2009-07-20 20:42:00,2009-07-20 20:59:00
SPOT2,2009-07-21 20:01:00,2009-07-21 20:18:00
SPOT2,2009-07-22 21:10:00,2009-07-22 21:27:00
SPOT2,2009-07-23 20:34:00,2009-07-23 20:51:00
SPOT2,2009-07-24 21:34:00,2009-07-24 21:52:00
SPOT2,2009-07-25 20:52:00,2009-07-25 21:08:00
SPOT2,2009-07-27 20:57:00,2009-07-27 21:19:00
SPOT2,2009-07-28 20:05:00,2009-07-28 20:28:00
SPOT2,2009-07-29 20:41:00,2009-07-29 21:12:00
SPOT4,1998-03-25 13:59:00,1998-03-25 14:53:00
SPOT4,1998-03-30 08:36:00,1998-03-30 09:32:00
SPOT4,1998-03-31 20:40:00,1998-03-31 21:37:00
SPOT4,1998-04-15 23:53:00,1998-04-16 00:44:00
SPOT4,1998-05-27 00:05:00,1998-05-27 00:56:00
SPOT4,1998-09-01 00:41:00,1998-09-01 01:32:00
SPOT4,1998-10-28 00:42:00,1998-10-28 01:36:00
SPOT4,1998-12-14 00:41:00,1998-12-14 01:32:00
SPOT4,1999-02-05 00:21:00,1999-02-05 01:12:00
SPOT4,1999-04-08 00:29:00,1999-04-08 01:20:00
SPOT4,1999-05-31 00:09:00,1999-05-31 01:00:00
SPOT4,1999-07-17 00:04:00,1999-07-17 00:55:00
SPOT4,1999-08-12 00:04:00,1999-08-12 00:55:00
SPOT4,1999-08-19 01:10:00,1999-08-19 02:01:00
SPOT4,1999-09-07 13:07:00,1999-09-07 13:31:00
SPOT4,1999-09-09 12:28:00,1999-09-09 12:52:00
SPOT4,1999-10-18 23:56:00,1999-10-19 00:47:00
SPOT4,1999-11-21 01:03:00,1999-11-21 01:54:00
SPOT4,1999-12-22 01:07:00,1999-12-22 01:58:00
SPOT4,2000-01-11 01:23:00,2000-01-11 02:14:00
SPOT4,2000-02-15 23:50:00,2000-02-16 00:41:00
SPOT4,2000-03-22 23:58:00,2000-03-23 00:49:00
SPOT4,2000-04-14 01:16:00,2000-04-14 02:07:00
SPOT4,2000-05-23 00:23:00,2000-05-23 01:16:00
SPOT4,2000-06-06 00:57:00,2000-06-06 01:47:00
SPOT4,2000-07-04 00:17:00,2000-07-04 01:08:00
SPOT4,2000-08-04 00:21:00,2000-08-04 01:12:00
SPOT4,2000-09-14 00:33:00,2000-09-14 01:24:00
SPOT4,2000-10-18 01:20:00,2000-10-18 02:11:00
SPOT4,2000-11-27 23:50:00,2000-11-28 00:41:00
SPOT4,2001-01-12 00:24:00,2001-01-12 01:15:00
SPOT4,2001-01-24 12:56:00,2001-01-24 13:21:00
SPOT4,2001-02-06 00:44:00,2001-02-06 01:35:00
SPOT4,2001-04-04 00:48:00,2001-04-04 01:39:00
SPOT4,2001-05-18 00:01:00,2001-05-18 00:52:00
SPOT4,2001-07-08 23:59:00,2001-07-09 00:52:00
SPOT4,2001-08-28 00:40:00,2001-08-28 01:31:00
SPOT4,2001-10-05 00:09:00,2001-10-05 01:00:00
SPOT4,2001-10-15 23:57:00,2001-10-16 00:48:00
SPOT4,2001-10-30 00:28:00,2001-10-30 01:19:00
SPOT4,2001-11-19 00:43:00,2001-11-19 01:35:00
SPOT4,2001-12-27 23:52:00,2001-12-28 00:43:00
SPOT4,2002-02-02 00:00:00,2002-02-02 00:51:00
SPOT4,2002-03-05 01:45:00,2002-03-05 02:36:00
SPOT4,2002-03-11 12:48:00,2002-03-11 13:18:00
SPOT4,2002-03-31 00:03:00,2002-03-31 00:54:00
SPOT4,2002-05-10 00:35:00,2002-05-10 01:26:00
SPOT4,2002-07-12 00:23:00,2002-07-12 01:14:00
SPOT4,2002-08-30 01:22:00,2002-08-30 02:13:00
SPOT4,2002-10-12 00:52:00,2002-10-12 01:46:00
SPOT4,2002-11-25 23:48:00,2002-11-26 00:39:00
SPOT4,2002-12-30 00:35:00,2002-12-30 01:26:00
SPOT4,2003-01-30 13:39:00,2003-01-30 14:09:00
SPOT4,2003-02-25 00:39:00,2003-02-25 01:30:00
SPOT4,2003-04-19 00:20:00,2003-04-19 01:11:00
SPOT4,2003-06-02 01:15:00,2003-06-02 02:06:00
SPOT4,2003-08-09 01:05:00,2003-08-09 01:59:00
SPOT4,2003-10-26 01:08:00,2003-10-26 01:59:00
SPOT4,2003-12-09 00:21:00,2003-12-09 01:12:00
SPOT4,2004-04-11 00:36:00,2004-04-11 01:27:00
SPOT4,2004-05-14 13:00:00,2004-05-14 13:32:00
SPOT4,2004-05-24 23:50:00,2004-05-25 00:41:00
SPOT4,2004-07-14 00:29:00,2004-07-14 01:20:00
SPOT4,2004-10-10 00:38:00,2004-10-10 01:29:00
SPOT4,2004-12-01 00:36:00,2004-12-01 01:29:00
SPOT4,2005-04-05 00:34:00,2005-04-05 01:25:00
SPOT4,2005-06-02 23:56:00,2005-06-03 00:50:00
SPOT4,2005-09-08 00:33:00,2005-09-08 01:24:00
SPOT4,2006-01-22 23:57:00,2006-01-23 00:48:00
SPOT4,2006-01-30 12:22:00,2006-01-30 12:51:00
SPOT4,2006-02-28 13:07:00,2006-02-28 13:32:00
SPOT4,2006-03-23 01:03:00,2006-03-23 01:54:00
SPOT4,2006-05-20 00:48:00,2006-05-20 01:39:00
SPOT4,2006-08-08 23:50:00,2006-08-09 00:41:00
SPOT4,2006-10-04 23:52:00,2006-10-05 00:46:00
SPOT4,2006-10-09 00:17:00,2006-10-09 01:09:00
SPOT4,2006-11-15 00:06:00,2006-11-15 00:57:00
SPOT4,2007-01-11 00:10:00,2007-01-11 01:01:00
SPOT4,2007-03-14 23:58:00,2007-03-15 00:49:00
SPOT4,2007-06-10 00:22:00,2007-06-10 01:15:00
SPOT4,2007-12-24 00:31:00,2007-12-24 01:25:00
SPOT4,2008-01-29 00:41:00,2008-01-29 01:32:00
SPOT4,2008-02-07 12:26:00,2008-02-07 12:57:00
SPOT4,2008-04-02 23:49:00,2008-04-03 00:40:00
SPOT4,2008-06-25 23:33:00,2008-06-26 00:24:00
SPOT4,2008-08-23 00:58:00,2008-08-23 01:49:00
SPOT4,2008-08-29 00:43:00,2008-08-29 01:34:00
SPOT4,2008-11-26 13:28:00,2008-11-26 14:00:00
SPOT4,2009-07-14 23:45:00,2009-07-15 00:36:00
SPOT4,2009-10-15 23:55:00,2009-10-16 00:46:00
SPOT4,2009-12-08 00:50:00,2009-12-08 01:42:00
SPOT4,2009-12-08 12:34:00,2009-12-08 13:26:00
SPOT4,2009-12-09 00:29:00,2009-12-09 01:20:00
SPOT4,2010-01-30 23:33:00,2010-01-31 00:25:00
SPOT4,2010-01-31 23:08:00,2010-02-01 00:00:00
SPOT4,2010-02-02 17:25:00,2010-02-02 18:16:00
SPOT4,2010-03-05 02:20:00,2010-03-05 03:11:00
SPOT4,2010-03-12 01:44:00,2010-03-12 02:36:00
SPOT4,2010-03-15 02:32:00,2010-03-15 03:23:00
SPOT4,2010-04-02 01:35:00,2010-04-02 02:26:00
SPOT4,2010-06-12 00:33:00,2010-06-12 01:24:00
SPOT4,2010-11-15 00:28:00,2010-11-15 01:19:00
SPOT4,2010-12-12 00:08:00,2010-12-12 00:59:00
SPOT4,2011-02-02 00:05:00,2011-02-02 00:56:00
SPOT4,2011-04-24 00:45:00,2011-04-24 01:36:00
SPOT4,2011-07-14 23:23:00,2011-07-15 00:14:00
SPOT4,2011-10-25 23:37:00,2011-10-26 00:28:00
SPOT4,2011-12-16 23:34:00,2011-12-17 00:25:00
SPOT4,2012-03-29 13:02:00,2012-03-29 13:56:00
SPOT4,2012-04-29 09:58:00,2012-04-29 10:49:00
SPOT4,2012-06-20 23:26:00,2012-06-21 00:17:00
SPOT4,2012-09-23 22:52:00,2012-09-23 23:43:00
SPOT4,2012-11-23 23:14:00,2012-11-24 00:05:00
SPOT4,2012-12-18 18:05:00,2012-12-18 18:56:00
SPOT4,2012-12-21 22:33:00,2012-12-21 23:24:00
SPOT4,2013-01-03 08:10:00,2013-01-03 09:01:00
SPOT4,2013-01-17 00:12:00,2013-01-17 01:04:00
SPOT4,2013-01-29 21:09:00,2013-01-29 22:04:00
SPOT4,2013-02-03 23:20:00,2013-02-04 00:11:00
SPOT4,2013-04-11 22:34:00,2013-04-11 23:25:00
SPOT4,2013-06-04 22:50:00,2013-06-04 23:41:00
SPOT4,2013-06-24 06:10:00,2013-06-24 07:17:00
SPOT5,2002-05-07 14:15:00,2002-05-07 16:00:00
SPOT5,2002-05-15 17:15:00,2002-05-15 19:00:00
SPOT5,2002-06-05 13:21:00,2002-06-05 14:15:00
SPOT5,2002-08-20 17:42:00,2002-08-20 18:35:00
SPOT5,2002-09-02 16:52:00,2002-09-02 17:45:00
SPOT5,2002-09-13 16:40:00,2002-09-13 17:33:00
SPOT5,2002-09-23 16:48:00,2002-09-23 17:41:00
SPOT5,2002-10-23 17:12:00,2002-10-23 18:05:00
SPOT5,2002-11-21 17:55:00,2002-11-21 18:48:00
SPOT5,2003-01-03 17:28:00,2003-01-03 18:21:00
SPOT5,2003-03-16 17:43:00,2003-03-16 18:37:00
SPOT5,2003-06-02 17:01:00,2003-06-02 18:46:00
SPOT5,2003-07-15 17:16:00,2003-07-15 18:09:00
SPOT5,2003-10-25 17:54:00,2003-10-25 18:47:00
SPOT5,2003-11-27 17:18:00,2003-11-27 18:12:00
SPOT5,2003-12-18 17:15:00,2003-12-18 18:08:00
SPOT5,2004-01-26 12:18:00,2004-01-26 13:13:00
SPOT5,2004-01-29 17:06:00,2004-01-29 17:59:00
SPOT5,2004-03-01 16:51:00,2004-03-01 17:44:00
SPOT5,2004-04-15 17:26:00,2004-04-15 18:19:00
SPOT5,2004-05-17 17:11:00,2004-05-17 18:04:00
SPOT5,2004-07-05 18:09:00,2004-07-05 19:03:00
SPOT5,2004-09-14 17:03:00,2004-09-14 17:56:00
SPOT5,2004-12-08 17:27:00,2004-12-08 19:13:00
SPOT5,2005-01-13 16:36:00,2005-01-13 17:29:00
SPOT5,2005-04-02 17:57:00,2005-04-02 18:50:00
SPOT5,2005-07-26 17:01:00,2005-07-26 18:47:00
SPOT5,2005-11-23 17:34:00,2005-11-23 18:27:00
SPOT5,2005-12-06 12:38:00,2005-12-06 13:33:00
SPOT5,2005-12-16 12:46:00,2005-12-16 13:40:00
SPOT5,2006-01-26 17:03:00,2006-01-26 17:56:00
SPOT5,2006-05-16 16:48:00,2006-05-16 17:41:00
SPOT5,2006-08-18 16:49:00,2006-08-18 18:34:00
SPOT5,2006-10-05 17:58:00,2006-10-05 18:51:00
SPOT5,2006-12-26 16:40:00,2006-12-26 17:33:00
SPOT5,2007-03-07 16:32:00,2007-03-07 18:18:00
SPOT5,2007-06-13 17:28:00,2007-06-13 18:22:00
SPOT5,2007-07-21 12:04:00,2007-07-21 12:06:00
SPOT5,2007-10-03 12:27:00,2007-10-03 13:22:00
SPOT5,2008-03-18 18:00:00,2008-03-18 18:54:00
SPOT5,2008-04-16 17:10:00,2008-04-16 18:56:00
SPOT5,2008-05-27 17:13:00,2008-05-27 18:06:00
SPOT5,2008-06-25 19:37:00,2008-06-25 20:30:00
SPOT5,2008-08-20 16:36:00,2008-08-20 17:29:00
SPOT5,2008-09-30 16:48:00,2008-09-30 17:41:00
SPOT5,2008-10-31 16:50:00,2008-10-31 17:43:00
SPOT5,2008-12-03 12:09:00,2008-12-03 13:04:00
SPOT5,2008-12-10 13:16:00,2008-12-10 14:10:00
SPOT5,2008-12-17 12:41:00,2008-12-17 13:35:00
SPOT5,2009-04-26 16:50:00,2009-04-26 17:43:00
SPOT5,2009-06-17 16:09:00,2009-06-17 17:54:00
SPOT5,2009-09-11 17:40:00,2009-09-11 18:33:00
SPOT5,2009-10-09 17:01:00,2009-10-09 17:54:00
SPOT5,2009-12-06 16:46:00,2009-12-06 17:40:00
SPOT5,2010-01-04 17:29:00,2010-01-04 18:22:00
SPOT5,2010-03-27 17:54:00,2010-03-27 18:47:00
SPOT5,2010-04-21 03:42:00,2010-04-21 03:44:00
SPOT5,2010-04-29 17:19:00,2010-04-29 18:13:00
SPOT5,2010-06-28 17:24:00,2010-06-28 19:10:00
SPOT5,2010-10-26 17:59:00,2010-10-26 18:52:00
SPOT5,2010-12-01 18:07:00,2010-12-01 19:00:00
SPOT5,2011-01-24 17:28:00,2011-01-24 18:21:00
SPOT5,2011-02-05 00:13:00,2011-02-05 00:15:00
SPOT5,2011-02-10 17:00:00,2011-02-10 17:54:00
SPOT5,2011-04-17 17:31:00,2011-04-17 18:24:00
SPOT5,2011-06-23 17:00:00,2011-06-23 18:45:00
SPOT5,2011-09-20 17:29:00,2011-09-20 18:22:00
SPOT5,2011-11-22 17:16:00,2011-11-22 18:10:00
SPOT5,2012-02-04 16:51:00,2012-02-04 17:45:00
SPOT5,2012-03-28 17:38:00,2012-03-28 18:31:00
SPOT5,2012-05-19 16:29:00,2012-05-19 17:22:00
SPOT5,2012-07-19 16:13:00,2012-07-19 17:58:00
SPOT5,2012-09-13 17:16:00,2012-09-13 18:10:00
SPOT5,2012-11-04 17:15:00,2012-11-04 18:08:00
SPOT5,2012-11-18 01:51:00,2012-11-18 01:54:00
SPOT5,2012-11-30 17:14:00,2012-11-30 18:07:00
SPOT5,2013-02-18 16:31:00,2013-02-18 17:25:00
SPOT5,2013-05-05 17:07:00,2013-05-05 18:00:00
SPOT5,2013-06-23 23:08:00,2013-06-23 23:11:00
SPOT5,2013-06-28 16:34:00,2013-06-28 18:20:00
SPOT5,2013-08-15 17:41:00,2013-08-15 18:34:00
SPOT5,2013-10-24 15:18:00,2013-10-24 15:20:00
SPOT5,2013-12-18 01:59:00,2013-12-18 02:52:00
SPOT5,2013-12-19 01:59:00,2013-12-19 02:52:00
SPOT5,2014-01-14 13:31:00,2014-01-14 13:34:00
SPOT5,2014-01-16 01:01:00,2014-01-16 01:04:00
SPOT5,2014-02-10 16:48:00,2014-02-10 17:41:00
SPOT5,2014-03-11 11:30:00,2014-03-11 11:33:00
SPOT5,2014-03-13 12:32:00,2014-03-13 12:35:00
SPOT5,2014-05-16 16:15:00,2014-05-16 17:08:00
SPOT5,2014-06-02 03:12:00,2014-06-02 03:15:00
SPOT5,2014-06-05 16:29:00,2014-06-05 17:22:00
SPOT5,2014-07-02 06:28:00,2014-07-02 06:31:00
SPOT5,2014-07-07 15:29:00,2014-07-07 17:14:00
SPOT5,2014-09-12 16:18:00,2014-09-12 17:11:00
SPOT5,2014-10-31 17:13:00,2014-10-31 18:06:00
SPOT5,2014-12-18 16:45:00,2014-12-18 17:39:00
SPOT5,2015-01-15 18:55:00,2015-01-15 18:58:00
SPOT5,2015-01-17 17:07:00,2015-01-17 18:00:00
SPOT5,2015-02-23 16:52:00,2015-02-23 17:45:00
SPOT5,2015-03-20 06:45:00,2015-03-20 06:47:00
SPOT5,2015-03-21 17:40:00,2015-03-21 18:33:00
SPOT5,2015-04-02 04:36:00,2015-04-02 07:12:00
SPOT5,2015-04-13 15:56:00,2015-04-13 16:49:00
SPOT5,2015-04-15 00:14:00,2015-04-15 00:16:00
SPOT5,2015-04-20 16:56:00,2015-04-20 17:49:00
SPOT5,2015-05-18 00:49:00,2015-05-18 00:51:00
SPOT5,2015-05-21 16:33:00,2015-05-21 17:26:00
SPOT5,2015-08-04 16:26:00,2015-08-04 17:19:00
SPOT5,2015-12-01 19:04:00,2015-12-01 21:07:00
SPOT5,2015-12-02 20:16:00,2015-12-02 22:18:00
SPOT5,2015-12-03 21:25:00,2015-12-03 23:27:00
SPOT5,2015-12-04 20:48:00,2015-12-04 22:50:00
SPOT5,2015-12-07 20:26:00,2015-12-07 22:28:00
SPOT5,2015-12-08 21:21:00,2015-12-08 23:22:00
SPOT5,2015-12-09 20:10:00,2015-12-09 20:13:00
TOPEX,1992-08-17 18:22:00,1992-08-17 18:22:00
TOPEX,1992-08-20 17:23:00,1992-08-20 17:23:00
TOPEX,1992-08-27 18:13:00,1992-08-27 18:13:00
TOPEX,1992-09-02 18:22:00,1992-09-02 18:22:00
TOPEX,1992-09-08 18:49:00,1992-09-08 18:49:00
TOPEX,1992-09-14 17:15:00,1992-09-14 17:15:00
TOPEX,1992-09-21 19:44:00,1992-09-21 19:44:00
TOPEX,1992-10-12 23:14:00,1992-10-12 23:14:00
TOPEX,1992-12-21 09:03:00,1992-12-21 09:03:00
TOPEX,1993-03-30 12:44:00,1993-03-30 12:44:00
TOPEX,1993-08-06 10:02:00,1993-08-06 10:02:00
TOPEX,1994-01-31 20:51:00,1994-01-31 20:51:00
TOPEX,1994-05-20 23:52:00,1994-05-20 23:52:00
TOPEX,1994-10-06 18:13:00,1994-10-06 18:13:00
TOPEX,1995-05-22 22:03:00,1995-05-22 22:03:00
TOPEX,1996-01-15 19:11:00,1996-01-15 19:11:00
TOPEX,1998-12-01 20:37:00,1998-12-01 20:37:00
TOPEX,1999-06-08 07:11:00,1999-06-08 07:11:00
TOPEX,1999-10-16 22:30:00,1999-10-16 22:30:00
TOPEX,2000-01-12 10:39:00,2000-01-12 10:39:00
TOPEX,2000-04-20 15:56:00,2000-04-20 15:56:00
TOPEX,2000-07-08 23:09:00,2000-07-08 23:09:00
TOPEX,2000-09-26 06:00:00,2000-09-26 06:00:00
TOPEX,2001-01-13 07:44:00,2001-01-13 07:44:00
TOPEX,2001-05-02 10:38:00,2001-05-02 10:38:00
TOPEX,2001-09-18 05:07:00,2001-09-18 05:07:00
TOPEX,2001-11-26 14:57:00,2001-11-26 14:57:00
TOPEX,2002-02-04 00:43:00,2002-02-04 00:43:00
TOPEX,2002-05-04 06:55:00,2002-05-04 06:55:00
TOPEX,2002-08-15 19:13:00,2002-08-15 19:13:00
TOPEX,2002-08-19 18:50:00,2002-08-19 18:50:00
TOPEX,2002-08-23 18:23:00,2002-08-23 18:23:00
TOPEX,2002-09-10 21:10:00,2002-09-10 21:10:00
TOPEX,2002-09-13 20:19:00,2002-09-13 20:19:00
TOPEX,2002-09-16 19:27:00,2002-09-16 19:27:00
TOPEX,2002-12-18 08:06:00,2002-12-18 08:06:00
TOPEX,2003-04-26 05:47:00,2003-04-26 05:47:00
TOPEX,2004-08-03 18:30:00,2004-08-03 18:30:00
TOPEX,2004-09-23 18:46:00,2004-09-23 18:46:00
TOPEX,2004-09-23 19:41:00,2004-09-23 19:41:00
TOPEX,2004-09-23 20:33:00,2004-09-23 20:33:00
TOPEX,2004-11-17 18:44:00,2004-11-17 18:44:00
TOPEX,2004-11-17 20:52:00,2004-11-17 20:52:00
